Pi_Time_Source,Arduino_Timestamp,Temperature_C,Humidity_Percent,Humidifier_State,Lights_State,Firefly_Detection,Pi_Receive_Time
system,20:57:07,27.7,74.8,OFF,OFF,Outside capture hours,2026-02-10 20:57:07
system,20:57:12,27.7,74.7,OFF,OFF,Outside capture hours,2026-02-10 20:57:15
system,20:57:17,27.8,74.6,OFF,OFF,Outside capture hours,2026-02-10 20:57:17
system,20:57:22,27.8,74.5,OFF,OFF,Outside capture hours,2026-02-10 20:57:23
system,20:57:27,27.8,74.4,OFF,OFF,Outside capture hours,2026-02-10 20:57:28
system,20:57:32,27.8,74.4,OFF,OFF,Outside capture hours,2026-02-10 20:57:33
internet,21:02:26,26.9,75.2,ON,OFF,Strong light detected,2026-02-10 21:02:26
internet,21:02:31,27.6,75.0,ON,OFF,Strong light detected,2026-02-10 21:02:45
internet,21:02:36,27.6,74.8,ON,OFF,Strong light detected,2026-02-10 21:02:46
internet,21:02:41,27.7,74.6,OFF,OFF,Strong light detected,2026-02-10 21:02:46
internet,21:02:46,27.7,74.5,OFF,OFF,Strong light detected,2026-02-10 21:02:47
internet,21:02:51,27.1,74.3,OFF,OFF,Strong light detected,2026-02-10 21:02:52
internet,21:02:56,27.8,74.2,OFF,OFF,Strong light detected,2026-02-10 21:02:57
internet,21:03:01,27.8,74.1,OFF,ON,Strong light detected,2026-02-10 21:03:01
internet,21:03:06,27.8,74.0,OFF,OFF,Strong light detected,2026-02-10 21:03:06
internet,21:03:11,27.8,74.0,OFF,OFF,Strong light detected,2026-02-10 21:03:11
internet,21:03:16,27.9,73.9,OFF,OFF,Strong light detected,2026-02-10 21:03:16
internet,21:03:21,27.9,73.8,OFF,OFF,Strong light detected,2026-02-10 21:03:21
internet,21:03:26,27.9,73.8,OFF,OFF,Strong light detected,2026-02-10 21:03:26
internet,21:03:31,27.9,73.8,OFF,OFF,Strong light detected,2026-02-10 21:03:31
internet,21:03:36,28.6,73.8,OFF,OFF,Strong light detected,2026-02-10 21:03:36
internet,21:03:41,28.0,73.7,OFF,OFF,Strong light detected,2026-02-10 21:03:41
internet,21:03:46,28.0,73.7,OFF,OFF,Strong light detected,2026-02-10 21:03:46
internet,21:03:51,28.0,73.6,OFF,OFF,Strong light detected,2026-02-10 21:03:51
internet,21:03:56,28.0,73.5,ON,OFF,Fireflies detected,2026-02-10 21:03:56
internet,21:04:01,28.0,73.4,ON,OFF,No fireflies detected,2026-02-10 21:04:01
internet,21:04:06,28.1,73.4,ON,OFF,No fireflies detected,2026-02-10 21:04:06
internet,21:04:11,28.0,73.5,ON,OFF,No fireflies detected,2026-02-10 21:04:11
internet,21:04:16,28.1,73.5,ON,OFF,No fireflies detected,2026-02-10 21:04:16
internet,21:04:21,28.1,73.5,ON,OFF,Fireflies detected,2026-02-10 21:04:23
internet,21:04:26,28.1,73.5,OFF,OFF,Fireflies detected,2026-02-10 21:04:30
internet,21:04:31,28.1,73.5,OFF,OFF,Fireflies detected,2026-02-10 21:04:31
internet,21:04:36,28.1,73.5,OFF,OFF,No fireflies detected,2026-02-10 21:04:36
internet,21:04:41,28.1,73.5,OFF,OFF,Fireflies detected,2026-02-10 21:04:41
internet,21:04:46,28.1,73.4,OFF,OFF,Fireflies detected,2026-02-10 21:04:46
internet,21:04:51,28.1,73.4,OFF,OFF,No fireflies detected,2026-02-10 21:04:51
internet,21:04:56,28.8,73.4,OFF,OFF,No fireflies detected,2026-02-10 21:04:59
internet,21:05:01,28.1,73.4,OFF,OFF,No fireflies detected,2026-02-10 21:05:01
internet,21:05:06,28.1,73.4,OFF,OFF,Fireflies detected,2026-02-10 21:05:06
internet,21:05:11,28.2,73.4,OFF,OFF,Fireflies detected,2026-02-10 21:05:11
internet,21:05:16,28.2,73.4,OFF,OFF,Fireflies detected,2026-02-10 21:05:30
internet,21:05:21,28.2,73.3,OFF,OFF,Fireflies detected,2026-02-10 21:05:33
internet,21:05:26,28.2,73.3,ON,OFF,Fireflies detected,2026-02-10 21:05:34
internet,21:05:32,28.2,73.2,ON,OFF,Fireflies detected,2026-02-10 21:05:34
internet,21:05:37,28.2,73.2,ON,OFF,No fireflies detected,2026-02-10 21:05:37
internet,21:05:42,28.2,73.3,ON,ON,No fireflies detected,2026-02-10 21:05:42
internet,21:05:47,28.2,73.2,ON,ON,No fireflies detected,2026-02-10 21:05:47
internet,21:05:52,28.2,73.2,ON,OFF,No fireflies detected,2026-02-10 21:05:52
internet,21:05:57,28.2,73.2,OFF,OFF,No fireflies detected,2026-02-10 21:05:57
internet,21:06:02,28.2,73.2,OFF,OFF,Strong light detected,2026-02-10 21:06:02
internet,21:06:07,28.2,73.2,OFF,OFF,No fireflies detected,2026-02-10 21:06:07
internet,21:06:12,28.2,73.2,OFF,OFF,Strong light detected,2026-02-10 21:06:12
internet,21:06:17,28.9,73.1,OFF,OFF,Strong light detected,2026-02-10 21:06:17
internet,21:06:22,28.2,73.1,OFF,OFF,No fireflies detected,2026-02-10 21:06:23
internet,21:06:27,28.3,73.1,OFF,OFF,Strong light detected,2026-02-10 21:06:27
internet,21:06:32,28.3,73.1,OFF,OFF,No fireflies detected,2026-02-10 21:06:32
internet,21:06:37,28.3,73.2,OFF,OFF,No fireflies detected,2026-02-10 21:06:39
internet,21:06:42,28.3,73.2,OFF,OFF,No fireflies detected,2026-02-10 21:06:43
internet,21:06:47,28.3,73.1,OFF,OFF,No fireflies detected,2026-02-10 21:06:47
internet,21:06:52,28.3,73.1,OFF,OFF,No fireflies detected,2026-02-10 21:06:52
internet,21:06:57,28.3,73.1,ON,OFF,Strong light detected,2026-02-10 21:06:57
internet,21:07:02,28.3,73.0,ON,OFF,No fireflies detected,2026-02-10 21:07:02
internet,21:07:07,28.3,73.1,ON,OFF,No fireflies detected,2026-02-10 21:07:07
internet,21:07:12,28.3,73.1,ON,OFF,No fireflies detected,2026-02-10 21:07:12
internet,21:07:17,28.3,73.1,ON,OFF,No fireflies detected,2026-02-10 21:07:17
internet,21:07:22,28.3,73.2,ON,OFF,No fireflies detected,2026-02-10 21:07:22
internet,21:07:27,28.3,73.2,OFF,OFF,No fireflies detected,2026-02-10 21:07:27
internet,21:07:32,28.3,73.2,OFF,OFF,No fireflies detected,2026-02-10 21:07:32
internet,21:07:37,28.3,73.2,OFF,OFF,Strong light detected,2026-02-10 21:07:37
internet,21:07:42,28.3,73.2,OFF,OFF,No fireflies detected,2026-02-10 21:07:42
internet,21:07:47,28.3,73.2,OFF,OFF,No fireflies detected,2026-02-10 21:07:47
internet,21:07:52,27.7,73.2,OFF,OFF,No fireflies detected,2026-02-10 21:07:52
internet,21:07:57,28.4,73.2,OFF,OFF,No fireflies detected,2026-02-10 21:07:57
internet,21:08:02,29.0,73.2,OFF,OFF,No fireflies detected,2026-02-10 21:08:02
internet,21:08:07,29.0,73.1,OFF,OFF,No fireflies detected,2026-02-10 21:08:07
internet,21:08:12,28.4,73.1,OFF,OFF,No fireflies detected,2026-02-10 21:08:12
internet,21:08:17,28.4,73.1,OFF,OFF,No fireflies detected,2026-02-10 21:08:20
internet,21:08:22,28.4,73.1,OFF,OFF,Fireflies detected,2026-02-10 21:08:24
internet,21:08:27,28.4,73.1,ON,OFF,Strong light detected,2026-02-10 21:08:29
internet,21:08:32,28.4,73.1,ON,OFF,Strong light detected,2026-02-10 21:08:35
internet,21:08:37,28.4,73.1,ON,OFF,Strong light detected,2026-02-10 21:08:38
internet,21:08:42,28.4,73.1,ON,OFF,Strong light detected,2026-02-10 21:08:42
internet,21:08:47,28.4,73.0,ON,OFF,Strong light detected,2026-02-10 21:08:47
internet,21:08:52,28.4,73.0,ON,OFF,Strong light detected,2026-02-10 21:08:52
internet,21:08:57,28.4,73.0,OFF,OFF,Strong light detected,2026-02-10 21:08:57
internet,21:09:02,28.4,73.0,OFF,OFF,Fireflies detected,2026-02-10 21:09:02
internet,21:09:07,28.4,73.0,OFF,OFF,Strong light detected,2026-02-10 21:09:07
internet,21:09:12,28.4,73.0,OFF,OFF,Strong light detected,2026-02-10 21:09:12
internet,21:09:17,28.4,73.0,OFF,OFF,Strong light detected,2026-02-10 21:09:17
internet,21:09:22,28.4,73.0,OFF,OFF,Strong light detected,2026-02-10 21:09:22
internet,21:09:27,28.4,73.0,OFF,OFF,Strong light detected,2026-02-10 21:09:27
internet,21:09:32,28.4,73.0,OFF,OFF,Fireflies detected,2026-02-10 21:09:32
internet,21:09:37,28.4,72.9,OFF,OFF,Strong light detected,2026-02-10 21:09:37
internet,21:09:42,28.4,73.0,OFF,OFF,Strong light detected,2026-02-10 21:09:42
internet,21:09:47,28.4,73.0,OFF,OFF,Strong light detected,2026-02-10 21:09:47
internet,21:09:52,28.4,73.0,OFF,OFF,Strong light detected,2026-02-10 21:09:53
internet,21:09:57,28.4,73.0,ON,OFF,Strong light detected,2026-02-10 21:09:58
internet,21:10:02,27.8,73.0,ON,OFF,Fireflies detected,2026-02-10 21:10:03
internet,21:10:07,28.4,72.9,ON,OFF,Strong light detected,2026-02-10 21:10:08
internet,21:10:13,28.5,72.9,ON,OFF,Strong light detected,2026-02-10 21:10:13
internet,21:10:18,29.1,72.9,ON,OFF,Strong light detected,2026-02-10 21:10:18
internet,21:10:23,28.4,72.9,ON,OFF,Fireflies detected,2026-02-10 21:10:23
internet,21:10:28,28.5,72.9,OFF,OFF,Fireflies detected,2026-02-10 21:10:28
internet,21:10:33,29.1,73.0,OFF,OFF,Fireflies detected,2026-02-10 21:10:33
internet,21:10:38,27.8,73.0,OFF,OFF,Fireflies detected,2026-02-10 21:10:38
internet,21:10:43,28.5,73.0,OFF,OFF,Fireflies detected,2026-02-10 21:10:43
internet,21:10:48,28.5,73.0,OFF,OFF,Fireflies detected,2026-02-10 21:10:48
internet,21:10:53,28.5,72.9,OFF,ON,Strong light detected,2026-02-10 21:10:53
internet,21:10:58,28.5,72.9,OFF,ON,Strong light detected,2026-02-10 21:10:58
internet,21:11:03,28.5,72.9,OFF,ON,Strong light detected,2026-02-10 21:11:03
internet,21:11:08,28.5,72.8,OFF,ON,Fireflies detected,2026-02-10 21:11:08
internet,21:11:13,28.5,72.8,OFF,ON,Fireflies detected,2026-02-10 21:11:13
internet,21:11:18,28.5,72.8,OFF,ON,Strong light detected,2026-02-10 21:11:18
internet,21:11:23,28.5,72.8,OFF,OFF,Strong light detected,2026-02-10 21:11:23
internet,21:11:28,28.5,72.8,ON,OFF,Strong light detected,2026-02-10 21:11:28
internet,21:11:33,28.5,72.8,ON,OFF,Strong light detected,2026-02-10 21:11:33
internet,21:11:38,28.5,72.7,ON,OFF,Strong light detected,2026-02-10 21:11:38
internet,21:11:43,28.5,72.7,ON,OFF,Strong light detected,2026-02-10 21:11:43
internet,21:11:48,28.5,72.8,ON,OFF,Strong light detected,2026-02-10 21:11:48
internet,21:11:53,28.5,72.8,ON,OFF,Strong light detected,2026-02-10 21:11:53
internet,21:11:58,28.5,72.8,OFF,OFF,No fireflies detected,2026-02-10 21:11:58
internet,21:12:03,28.5,72.8,OFF,OFF,No fireflies detected,2026-02-10 21:12:24
internet,21:12:08,28.5,72.8,OFF,OFF,No fireflies detected,2026-02-10 21:12:33
internet,21:12:13,28.5,72.8,OFF,OFF,No fireflies detected,2026-02-10 21:12:46
internet,21:12:18,28.5,72.7,OFF,OFF,No fireflies detected,2026-02-10 21:12:53
internet,21:12:23,28.5,72.8,OFF,OFF,No fireflies detected,2026-02-10 21:12:59
internet,21:12:28,28.5,72.7,OFF,ON,No fireflies detected,2026-02-10 21:13:00
internet,21:12:33,28.5,72.7,OFF,OFF,No fireflies detected,2026-02-10 21:13:00
internet,21:12:38,28.5,72.7,OFF,OFF,No fireflies detected,2026-02-10 21:13:00
internet,21:12:43,28.5,72.7,OFF,OFF,No fireflies detected,2026-02-10 21:13:00
internet,21:12:48,28.5,72.6,OFF,OFF,No fireflies detected,2026-02-10 21:13:00
internet,21:12:53,28.5,72.6,OFF,OFF,No fireflies detected,2026-02-10 21:13:00
internet,21:12:58,28.5,72.6,ON,OFF,No fireflies detected,2026-02-10 21:13:00
internet,21:13:03,28.5,72.6,ON,OFF,No fireflies detected,2026-02-10 21:13:03
internet,21:13:08,29.2,72.6,ON,OFF,No fireflies detected,2026-02-10 21:13:08
internet,21:13:13,28.5,72.6,ON,OFF,No fireflies detected,2026-02-10 21:13:13
internet,21:13:18,28.5,72.6,ON,OFF,No fireflies detected,2026-02-10 21:13:18
internet,21:13:23,28.5,72.6,ON,OFF,No fireflies detected,2026-02-10 21:13:23
internet,21:13:28,28.5,72.6,OFF,OFF,No fireflies detected,2026-02-10 21:13:28
internet,21:13:33,28.5,72.6,OFF,OFF,No fireflies detected,2026-02-10 21:13:33
internet,21:13:38,28.5,72.6,OFF,OFF,No fireflies detected,2026-02-10 21:13:38
internet,21:13:43,27.9,72.6,OFF,OFF,No fireflies detected,2026-02-10 21:13:43
internet,21:13:48,28.5,72.7,OFF,OFF,Fireflies detected,2026-02-10 21:13:48
internet,21:13:53,28.5,72.7,OFF,OFF,No fireflies detected,2026-02-10 21:13:53
internet,21:13:58,28.5,72.7,OFF,OFF,Strong light detected,2026-02-10 21:13:58
internet,21:14:03,28.5,72.6,OFF,OFF,Strong light detected,2026-02-10 21:14:03
internet,21:14:08,28.5,72.6,OFF,OFF,Fireflies detected,2026-02-10 21:14:08
internet,21:14:13,29.2,72.6,OFF,OFF,No fireflies detected,2026-02-10 21:14:13
internet,21:14:18,28.5,72.7,OFF,OFF,Fireflies detected,2026-02-10 21:14:19
internet,21:14:23,27.9,72.7,OFF,OFF,Fireflies detected,2026-02-10 21:14:24
internet,21:14:28,27.9,72.7,ON,OFF,Strong light detected,2026-02-10 21:14:29
internet,21:14:33,27.9,72.7,ON,OFF,Strong light detected,2026-02-10 21:14:34
internet,21:14:38,27.9,72.6,ON,OFF,Strong light detected,2026-02-10 21:14:39
internet,21:14:43,28.6,72.6,ON,OFF,Strong light detected,2026-02-10 21:14:44
internet,21:14:48,28.6,72.6,ON,OFF,Fireflies detected,2026-02-10 21:14:49
internet,21:14:53,28.6,72.6,ON,OFF,Fireflies detected,2026-02-10 21:14:54
internet,21:14:59,27.9,72.6,OFF,OFF,No fireflies detected,2026-02-10 21:14:59
internet,21:15:04,28.6,72.6,OFF,OFF,Fireflies detected,2026-02-10 21:15:04
internet,21:15:09,29.2,72.6,OFF,OFF,Fireflies detected,2026-02-10 21:15:09
internet,21:15:14,28.6,72.6,OFF,OFF,Strong light detected,2026-02-10 21:15:14
internet,21:15:19,28.6,72.7,OFF,OFF,Strong light detected,2026-02-10 21:15:19
internet,21:15:24,28.6,72.6,OFF,OFF,No fireflies detected,2026-02-10 21:15:24
internet,21:15:29,28.6,72.7,OFF,OFF,Fireflies detected,2026-02-10 21:15:29
internet,21:15:34,28.6,72.6,OFF,OFF,Fireflies detected,2026-02-10 21:15:34
internet,21:15:39,28.6,72.6,OFF,OFF,No fireflies detected,2026-02-10 21:15:39
internet,21:15:44,28.6,72.6,OFF,OFF,No fireflies detected,2026-02-10 21:15:44
internet,21:15:49,28.6,72.6,OFF,OFF,No fireflies detected,2026-02-10 21:15:49
internet,21:15:54,28.6,72.6,OFF,OFF,No fireflies detected,2026-02-10 21:15:54
internet,21:15:59,28.6,72.6,ON,OFF,No fireflies detected,2026-02-10 21:15:59
internet,21:16:04,28.6,72.6,ON,OFF,No fireflies detected,2026-02-10 21:16:04
internet,21:16:09,28.6,72.6,ON,OFF,No fireflies detected,2026-02-10 21:16:09
internet,21:16:14,28.6,72.6,ON,OFF,No fireflies detected,2026-02-10 21:16:14
internet,21:16:19,28.6,72.6,ON,OFF,No fireflies detected,2026-02-10 21:16:19
internet,21:16:24,28.6,72.6,ON,OFF,Strong light detected,2026-02-10 21:16:24
internet,21:16:29,28.6,72.7,OFF,OFF,Strong light detected,2026-02-10 21:16:29
internet,21:16:34,28.6,72.7,OFF,OFF,Strong light detected,2026-02-10 21:16:34
internet,21:16:39,28.6,72.7,OFF,OFF,Strong light detected,2026-02-10 21:16:39
internet,21:16:44,28.6,72.7,OFF,OFF,Strong light detected,2026-02-10 21:16:44
internet,21:26:32,27.7,77.4,ON,OFF,Outside capture hours,2026-02-10 21:26:32
internet,21:26:37,27.7,77.3,ON,ON,Strong light detected,2026-02-10 21:26:37
internet,21:26:42,27.7,77.2,ON,ON,Strong light detected,2026-02-10 21:26:42
internet,21:26:47,27.8,77.1,ON,ON,Strong light detected,2026-02-10 21:26:47
internet,21:26:52,27.8,77.0,ON,ON,Strong light detected,2026-02-10 21:26:52
internet,21:26:57,27.2,76.9,ON,ON,Strong light detected,2026-02-10 21:26:57
internet,21:27:02,27.9,76.7,ON,ON,Strong light detected,2026-02-10 21:27:02
internet,21:27:07,27.9,76.6,OFF,OFF,Strong light detected,2026-02-10 21:27:07
internet,21:27:12,27.9,76.5,OFF,OFF,Strong light detected,2026-02-10 21:27:12
internet,21:27:17,28.0,76.5,OFF,OFF,Strong light detected,2026-02-10 21:27:17
internet,21:27:22,28.6,76.4,OFF,OFF,Strong light detected,2026-02-10 21:27:22
internet,21:27:27,28.0,76.3,OFF,OFF,Strong light detected,2026-02-10 21:27:27
internet,21:27:32,28.0,76.2,OFF,OFF,Strong light detected,2026-02-10 21:27:32
internet,21:27:37,28.0,76.1,OFF,OFF,Strong light detected,2026-02-10 21:27:37
internet,21:27:42,28.7,76.1,OFF,OFF,Strong light detected,2026-02-10 21:27:42
internet,21:27:47,28.1,76.0,OFF,OFF,Strong light detected,2026-02-10 21:27:47
internet,21:27:52,28.1,75.9,OFF,OFF,Strong light detected,2026-02-10 21:27:52
internet,21:27:57,28.1,75.8,OFF,OFF,Strong light detected,2026-02-10 21:27:57
internet,21:28:02,28.1,75.7,OFF,OFF,Strong light detected,2026-02-10 21:28:02
internet,21:28:07,27.5,75.7,ON,OFF,Strong light detected,2026-02-10 21:28:07
internet,21:28:12,28.2,75.7,ON,OFF,Strong light detected,2026-02-10 21:28:12
internet,21:28:17,28.2,75.6,ON,OFF,Strong light detected,2026-02-10 21:28:17
internet,21:28:22,28.2,75.6,ON,OFF,Strong light detected,2026-02-10 21:28:22
internet,21:28:27,28.2,75.5,ON,OFF,Strong light detected,2026-02-10 21:28:27
internet,21:28:32,28.2,75.5,ON,OFF,Strong light detected,2026-02-10 21:28:32
internet,21:28:37,28.2,75.5,OFF,OFF,Strong light detected,2026-02-10 21:28:37
internet,21:28:42,28.2,75.4,OFF,OFF,Strong light detected,2026-02-10 21:28:42
internet,21:28:47,28.2,75.4,OFF,OFF,Strong light detected,2026-02-10 21:28:47
internet,21:28:52,28.9,75.4,OFF,OFF,Strong light detected,2026-02-10 21:28:52
internet,21:28:57,28.3,75.4,OFF,OFF,Strong light detected,2026-02-10 21:28:57
internet,21:29:02,27.6,75.3,OFF,OFF,Strong light detected,2026-02-10 21:29:02
internet,21:29:07,28.3,75.3,OFF,OFF,Strong light detected,2026-02-10 21:29:07
internet,21:29:12,28.3,75.3,OFF,OFF,Strong light detected,2026-02-10 21:29:12
internet,21:29:17,28.3,75.3,OFF,OFF,Strong light detected,2026-02-10 21:29:17
internet,21:29:22,28.3,75.2,OFF,OFF,Strong light detected,2026-02-10 21:29:22
internet,21:29:27,28.3,75.2,OFF,OFF,Strong light detected,2026-02-10 21:29:27
internet,21:29:32,28.3,75.2,ON,OFF,Strong light detected,2026-02-10 21:29:32
internet,21:29:37,28.3,75.2,ON,ON,Strong light detected,2026-02-10 21:29:37
internet,21:29:42,28.3,75.1,ON,ON,Strong light detected,2026-02-10 21:29:42
internet,21:29:47,28.3,75.1,OFF,OFF,Strong light detected,2026-02-10 21:29:47
internet,21:29:52,28.3,75.1,ON,OFF,Strong light detected,2026-02-10 21:29:52
internet,21:29:57,28.3,75.1,OFF,ON,Strong light detected,2026-02-10 21:29:57
internet,21:30:02,28.3,75.1,OFF,OFF,Strong light detected,2026-02-10 21:30:02
internet,21:30:07,28.3,75.0,ON,OFF,Strong light detected,2026-02-10 21:30:07
internet,21:30:12,27.7,75.4,ON,OFF,Strong light detected,2026-02-10 21:30:12
internet,21:30:17,28.4,75.7,ON,OFF,Strong light detected,2026-02-10 21:30:17
internet,21:30:22,28.4,76.3,ON,OFF,Strong light detected,2026-02-10 21:30:22
internet,21:30:27,28.4,76.3,OFF,OFF,Strong light detected,2026-02-10 21:30:27
internet,21:30:32,29.1,75.9,OFF,OFF,Strong light detected,2026-02-10 21:30:32
internet,21:30:37,28.5,75.2,OFF,OFF,Strong light detected,2026-02-10 21:30:37
internet,21:30:42,28.5,74.8,OFF,OFF,Strong light detected,2026-02-10 21:30:43
internet,21:30:47,28.5,74.7,OFF,OFF,Strong light detected,2026-02-10 21:30:48
internet,21:30:52,28.5,74.6,OFF,OFF,Strong light detected,2026-02-10 21:30:53
internet,21:30:57,28.5,74.6,OFF,OFF,Strong light detected,2026-02-10 21:30:58
internet,21:31:02,28.5,74.5,OFF,OFF,Strong light detected,2026-02-10 21:31:03
internet,21:31:08,28.5,74.5,ON,OFF,Strong light detected,2026-02-10 21:31:08
internet,21:31:13,28.5,74.5,OFF,OFF,Strong light detected,2026-02-10 21:31:13
internet,21:31:18,28.5,74.5,OFF,OFF,Strong light detected,2026-02-10 21:31:18
internet,21:31:23,28.5,74.4,OFF,OFF,Strong light detected,2026-02-10 21:31:23
internet,21:31:28,28.5,74.4,OFF,OFF,Strong light detected,2026-02-10 21:31:28
internet,21:31:33,28.5,74.4,OFF,OFF,Strong light detected,2026-02-10 21:31:33
internet,21:31:38,28.5,74.4,OFF,OFF,Strong light detected,2026-02-10 21:31:38
internet,21:31:43,28.5,74.4,OFF,OFF,Strong light detected,2026-02-10 21:31:43
internet,21:31:48,28.5,74.4,OFF,OFF,Strong light detected,2026-02-10 21:31:48
internet,21:31:53,27.9,74.4,ON,OFF,Strong light detected,2026-02-10 21:31:53
internet,21:31:58,28.5,74.4,OFF,ON,Strong light detected,2026-02-10 21:31:58
internet,21:32:03,28.5,74.4,OFF,OFF,Strong light detected,2026-02-10 21:32:03
internet,21:32:08,28.5,74.3,OFF,OFF,Strong light detected,2026-02-10 21:32:08
internet,21:32:13,28.5,75.5,OFF,OFF,Strong light detected,2026-02-10 21:32:13
internet,21:32:18,28.6,75.7,OFF,OFF,Strong light detected,2026-02-10 21:32:18
internet,21:32:23,28.6,75.4,OFF,OFF,Strong light detected,2026-02-10 21:32:23
internet,21:32:28,28.6,75.1,OFF,OFF,Strong light detected,2026-02-10 21:32:28
internet,21:32:33,28.6,74.8,OFF,OFF,Strong light detected,2026-02-10 21:32:33
internet,21:32:38,28.6,74.5,OFF,OFF,Strong light detected,2026-02-10 21:32:38
internet,21:32:43,28.0,74.3,OFF,OFF,Strong light detected,2026-02-10 21:32:43
internet,21:32:48,28.7,74.2,OFF,OFF,Strong light detected,2026-02-10 21:32:48
internet,21:32:53,28.7,74.0,OFF,OFF,Strong light detected,2026-02-10 21:32:53
internet,21:32:58,28.7,73.9,ON,OFF,Strong light detected,2026-02-10 21:32:58
internet,21:33:03,28.7,73.9,ON,OFF,Strong light detected,2026-02-10 21:33:03
internet,21:33:08,28.7,73.8,ON,OFF,Strong light detected,2026-02-10 21:33:08
internet,21:33:13,28.7,73.8,ON,OFF,Strong light detected,2026-02-10 21:33:13
internet,21:33:18,28.8,73.7,ON,OFF,Strong light detected,2026-02-10 21:33:18
internet,21:33:23,29.4,73.7,ON,OFF,Strong light detected,2026-02-10 21:33:23
internet,21:33:28,28.8,73.7,ON,OFF,Strong light detected,2026-02-10 21:33:28
internet,21:33:33,28.8,73.6,OFF,OFF,Strong light detected,2026-02-10 21:33:33
internet,21:33:38,28.8,73.6,OFF,OFF,Strong light detected,2026-02-10 21:33:38
internet,21:33:43,28.8,73.6,OFF,OFF,Strong light detected,2026-02-10 21:33:43
internet,21:33:48,28.8,73.5,OFF,OFF,Strong light detected,2026-02-10 21:33:48
internet,21:33:53,28.8,73.5,OFF,OFF,Strong light detected,2026-02-10 21:33:53
internet,21:33:58,28.8,73.5,OFF,OFF,Strong light detected,2026-02-10 21:33:58
internet,21:34:03,28.8,73.5,OFF,OFF,Strong light detected,2026-02-10 21:34:03
internet,21:34:08,28.8,73.7,ON,OFF,Strong light detected,2026-02-10 21:34:08
internet,21:34:13,28.8,76.1,ON,OFF,Strong light detected,2026-02-10 21:34:13
internet,21:34:18,28.8,74.9,ON,OFF,Strong light detected,2026-02-10 21:34:18
internet,21:34:23,28.9,74.0,ON,OFF,Strong light detected,2026-02-10 21:34:23
internet,21:34:28,28.9,73.7,ON,OFF,Strong light detected,2026-02-10 21:34:28
internet,21:34:33,28.9,73.5,ON,OFF,Strong light detected,2026-02-10 21:34:33
internet,21:34:38,28.9,73.4,OFF,OFF,Strong light detected,2026-02-10 21:34:38
internet,21:34:43,28.9,73.3,OFF,OFF,Strong light detected,2026-02-10 21:34:43
internet,21:34:48,28.9,73.3,OFF,OFF,Strong light detected,2026-02-10 21:34:49
internet,21:34:53,28.9,73.2,OFF,OFF,Strong light detected,2026-02-10 21:34:53
internet,21:34:58,28.9,73.3,OFF,OFF,Strong light detected,2026-02-10 21:34:58
internet,21:35:03,28.9,73.3,ON,OFF,Strong light detected,2026-02-10 21:35:03
internet,21:35:08,28.9,73.3,ON,OFF,Strong light detected,2026-02-10 21:35:08
internet,21:35:13,28.9,73.3,ON,OFF,Strong light detected,2026-02-10 21:35:16
internet,21:35:18,28.9,73.3,ON,OFF,Strong light detected,2026-02-10 21:35:24
internet,21:35:23,28.9,73.3,ON,OFF,Strong light detected,2026-02-10 21:35:26
internet,21:35:28,29.5,73.3,ON,OFF,Strong light detected,2026-02-10 21:35:29
internet,21:35:33,28.9,73.4,OFF,OFF,Strong light detected,2026-02-10 21:35:38
internet,21:35:38,28.8,73.3,OFF,OFF,Strong light detected,2026-02-10 21:35:43
internet,21:35:43,28.9,73.3,ON,OFF,Strong light detected,2026-02-10 21:35:46
internet,21:35:48,28.8,73.4,ON,OFF,Strong light detected,2026-02-10 21:35:49
internet,21:35:54,28.8,73.5,ON,OFF,Strong light detected,2026-02-10 21:35:54
internet,21:35:59,28.8,73.4,ON,OFF,Strong light detected,2026-02-10 21:35:59
internet,21:36:04,28.2,73.4,ON,OFF,Strong light detected,2026-02-10 21:36:04
internet,21:36:09,28.8,73.4,ON,OFF,Strong light detected,2026-02-10 21:36:09
internet,21:36:14,28.8,73.4,OFF,OFF,Strong light detected,2026-02-10 21:36:14
internet,21:36:19,28.8,73.5,OFF,OFF,Strong light detected,2026-02-10 21:36:19
internet,21:36:24,28.8,74.5,OFF,OFF,Strong light detected,2026-02-10 21:36:24
internet,21:36:29,28.8,75.3,OFF,OFF,Strong light detected,2026-02-10 21:36:29
internet,21:36:34,28.8,75.7,OFF,OFF,Strong light detected,2026-02-10 21:36:34
internet,21:36:39,28.8,75.1,OFF,OFF,Strong light detected,2026-02-10 21:36:39
internet,21:36:44,28.8,74.6,OFF,OFF,Strong light detected,2026-02-10 21:36:44
internet,21:36:49,28.8,74.3,OFF,OFF,Strong light detected,2026-02-10 21:36:49
internet,21:36:54,28.8,73.9,OFF,OFF,Strong light detected,2026-02-10 21:36:54
internet,21:36:59,28.8,73.7,OFF,OFF,Strong light detected,2026-02-10 21:36:59
internet,21:37:04,28.8,73.6,OFF,OFF,Strong light detected,2026-02-10 21:37:04
internet,21:37:09,28.8,73.6,ON,OFF,Strong light detected,2026-02-10 21:37:09
internet,21:37:14,28.8,73.5,ON,OFF,Strong light detected,2026-02-10 21:37:14
internet,21:37:19,28.8,73.6,ON,OFF,Strong light detected,2026-02-10 21:37:19
internet,21:37:24,28.8,73.5,ON,OFF,Strong light detected,2026-02-10 21:37:24
internet,21:37:29,28.8,73.5,ON,OFF,Strong light detected,2026-02-10 21:37:29
internet,21:37:34,28.8,73.5,ON,OFF,Strong light detected,2026-02-10 21:37:34
internet,21:37:39,28.8,73.5,ON,OFF,Strong light detected,2026-02-10 21:37:39
internet,21:37:44,28.8,73.5,OFF,OFF,Strong light detected,2026-02-10 21:37:44
internet,21:37:49,28.8,73.5,OFF,OFF,Strong light detected,2026-02-10 21:37:49
internet,21:37:54,28.8,73.5,OFF,OFF,Strong light detected,2026-02-10 21:37:54
internet,21:37:59,28.8,73.5,OFF,OFF,Strong light detected,2026-02-10 21:37:59
internet,21:38:04,28.8,73.5,OFF,OFF,Strong light detected,2026-02-10 21:38:04
internet,21:38:09,28.8,73.6,OFF,ON,Strong light detected,2026-02-10 21:38:09
internet,21:38:14,28.8,73.6,OFF,ON,Strong light detected,2026-02-10 21:38:14
internet,21:38:19,28.8,73.6,OFF,OFF,Strong light detected,2026-02-10 21:38:19
internet,21:38:24,28.8,73.6,OFF,OFF,Strong light detected,2026-02-10 21:38:24
internet,21:38:29,28.8,73.6,OFF,OFF,Strong light detected,2026-02-10 21:38:29
internet,21:38:34,28.8,73.6,OFF,OFF,Strong light detected,2026-02-10 21:38:34
internet,21:38:39,28.8,73.7,OFF,OFF,Strong light detected,2026-02-10 21:38:39
internet,21:38:44,29.4,73.7,ON,OFF,Strong light detected,2026-02-10 21:38:44
internet,21:38:49,28.8,73.7,ON,OFF,Strong light detected,2026-02-10 21:38:49
internet,21:38:54,28.8,73.7,OFF,OFF,Strong light detected,2026-02-10 21:38:54
internet,21:38:59,28.8,73.7,ON,OFF,Strong light detected,2026-02-10 21:38:59
internet,21:39:04,28.8,73.7,ON,OFF,Strong light detected,2026-02-10 21:39:04
internet,21:39:09,28.8,73.7,ON,OFF,Strong light detected,2026-02-10 21:39:09
internet,21:39:14,28.8,73.7,ON,OFF,Strong light detected,2026-02-10 21:39:14
internet,21:39:19,28.8,73.7,ON,OFF,Strong light detected,2026-02-10 21:39:19
internet,21:39:24,28.8,73.7,ON,OFF,Strong light detected,2026-02-10 21:39:24
internet,21:39:29,28.8,73.7,OFF,OFF,Strong light detected,2026-02-10 21:39:29
internet,21:39:34,28.8,73.7,OFF,OFF,Strong light detected,2026-02-10 21:39:34
internet,21:39:39,28.8,73.6,OFF,OFF,Strong light detected,2026-02-10 21:39:39
internet,21:39:44,28.8,73.6,OFF,OFF,Strong light detected,2026-02-10 21:39:44
internet,21:39:49,28.8,73.6,OFF,OFF,Strong light detected,2026-02-10 21:39:49
internet,21:39:54,28.8,73.6,OFF,OFF,Strong light detected,2026-02-10 21:39:54
internet,21:39:59,28.8,73.6,OFF,OFF,Strong light detected,2026-02-10 21:39:59
internet,21:40:04,28.8,73.7,OFF,OFF,Strong light detected,2026-02-10 21:40:04
internet,21:40:09,28.8,73.7,OFF,OFF,Strong light detected,2026-02-10 21:40:28
internet,21:40:14,28.7,73.7,OFF,OFF,Strong light detected,2026-02-10 21:40:32
internet,21:40:19,28.1,73.7,OFF,OFF,Strong light detected,2026-02-10 21:40:33
internet,21:40:24,28.8,73.7,OFF,OFF,Strong light detected,2026-02-10 21:40:33
internet,21:40:29,28.7,73.7,ON,OFF,Strong light detected,2026-02-10 21:40:33
internet,21:40:35,29.4,73.7,ON,OFF,Strong light detected,2026-02-10 21:40:35
internet,21:40:40,28.7,73.7,ON,OFF,Strong light detected,2026-02-10 21:40:40
internet,21:40:45,29.4,73.7,ON,OFF,Strong light detected,2026-02-10 21:40:45
internet,21:40:50,28.1,73.7,ON,OFF,Strong light detected,2026-02-10 21:40:50
internet,21:40:55,28.1,73.7,ON,OFF,Strong light detected,2026-02-10 21:40:55
internet,21:41:00,28.7,73.7,OFF,OFF,Strong light detected,2026-02-10 21:41:02
internet,21:41:05,28.7,73.8,OFF,OFF,Strong light detected,2026-02-10 21:41:05
internet,21:41:10,28.7,73.8,OFF,OFF,Strong light detected,2026-02-10 21:41:10
internet,21:41:15,28.7,73.8,OFF,OFF,Strong light detected,2026-02-10 21:41:15
internet,21:41:20,29.4,73.8,OFF,OFF,Strong light detected,2026-02-10 21:41:22
internet,21:41:25,28.7,73.8,OFF,OFF,Strong light detected,2026-02-10 21:41:27
internet,21:41:30,28.7,73.8,ON,OFF,Strong light detected,2026-02-10 21:41:30
internet,21:41:35,28.7,73.8,ON,OFF,Strong light detected,2026-02-10 21:41:35
internet,21:41:40,28.1,73.8,ON,OFF,Strong light detected,2026-02-10 21:41:45
internet,21:41:45,28.7,73.8,ON,OFF,Strong light detected,2026-02-10 21:41:50
internet,21:41:50,28.7,73.8,ON,OFF,Strong light detected,2026-02-10 21:41:54
internet,21:41:55,28.7,73.8,ON,OFF,Strong light detected,2026-02-10 21:42:06
internet,21:42:00,28.7,73.8,OFF,OFF,Strong light detected,2026-02-10 21:42:11
internet,21:42:05,28.7,73.9,OFF,OFF,Strong light detected,2026-02-10 21:42:13
internet,21:42:10,28.7,73.9,OFF,OFF,Strong light detected,2026-02-10 21:42:13
internet,21:42:15,28.1,73.9,OFF,OFF,Strong light detected,2026-02-10 21:42:15
internet,21:42:20,28.7,73.9,OFF,OFF,Strong light detected,2026-02-10 21:42:20
internet,21:42:25,29.4,73.8,OFF,OFF,Strong light detected,2026-02-10 21:42:25
internet,21:42:30,28.7,73.8,OFF,OFF,Strong light detected,2026-02-10 21:42:30
internet,21:42:35,28.7,73.8,OFF,OFF,Strong light detected,2026-02-10 21:42:35
internet,21:42:40,28.7,74.0,OFF,OFF,Strong light detected,2026-02-10 21:42:40
internet,21:42:45,28.7,74.0,OFF,OFF,Strong light detected,2026-02-10 21:42:45
internet,21:42:50,28.7,74.0,OFF,OFF,Strong light detected,2026-02-10 21:42:50
internet,21:42:55,28.7,73.9,OFF,OFF,Strong light detected,2026-02-10 21:42:55
internet,21:43:00,28.7,73.9,ON,OFF,Strong light detected,2026-02-10 21:43:00
internet,21:43:05,28.7,73.8,ON,OFF,Strong light detected,2026-02-10 21:43:05
internet,21:43:10,28.7,73.8,ON,OFF,Strong light detected,2026-02-10 21:43:10
internet,21:43:15,28.7,73.9,ON,OFF,Strong light detected,2026-02-10 21:43:15
internet,21:43:20,28.7,73.9,ON,OFF,Strong light detected,2026-02-10 21:43:20
internet,21:43:25,28.7,73.9,ON,OFF,Strong light detected,2026-02-10 21:43:28
internet,21:43:30,28.7,73.9,OFF,OFF,Strong light detected,2026-02-10 21:43:31
internet,21:43:35,28.7,73.9,OFF,ON,Strong light detected,2026-02-10 21:43:35
internet,21:43:40,28.7,73.9,OFF,OFF,Strong light detected,2026-02-10 21:43:40
internet,21:43:45,28.7,73.9,OFF,OFF,Strong light detected,2026-02-10 21:43:49
internet,21:43:50,28.7,73.9,ON,OFF,Strong light detected,2026-02-10 21:43:54
internet,21:43:55,28.7,73.9,ON,OFF,Strong light detected,2026-02-10 21:43:56
internet,21:44:00,28.7,73.9,OFF,OFF,Strong light detected,2026-02-10 21:44:00
internet,21:44:05,28.7,73.9,OFF,OFF,Strong light detected,2026-02-10 21:44:05
internet,21:44:10,28.7,73.9,OFF,OFF,Strong light detected,2026-02-10 21:44:11
internet,21:44:15,28.7,73.9,OFF,OFF,Strong light detected,2026-02-10 21:44:15
internet,21:44:20,28.7,73.9,OFF,OFF,Strong light detected,2026-02-10 21:44:20
internet,21:44:25,28.7,73.9,OFF,OFF,Strong light detected,2026-02-10 21:44:25
internet,21:44:30,28.7,73.9,OFF,OFF,Strong light detected,2026-02-10 21:44:30
internet,21:44:35,28.7,73.9,OFF,OFF,Strong light detected,2026-02-10 21:44:35
internet,21:44:40,28.7,73.9,OFF,OFF,Strong light detected,2026-02-10 21:44:40
internet,21:44:45,28.7,73.9,OFF,OFF,Strong light detected,2026-02-10 21:44:45
internet,21:44:50,28.7,73.9,OFF,OFF,Strong light detected,2026-02-10 21:44:50
internet,21:44:55,28.7,73.9,OFF,OFF,Strong light detected,2026-02-10 21:44:55
internet,21:45:00,28.7,73.9,ON,OFF,Strong light detected,2026-02-10 21:45:00
internet,21:45:05,28.7,73.9,ON,OFF,Strong light detected,2026-02-10 21:45:06
internet,21:45:10,28.7,73.9,ON,OFF,Strong light detected,2026-02-10 21:45:11
internet,21:45:16,28.7,73.9,ON,OFF,Strong light detected,2026-02-10 21:45:16
internet,21:45:21,28.7,73.9,ON,OFF,Strong light detected,2026-02-10 21:45:21
internet,21:45:26,28.7,73.9,ON,OFF,Strong light detected,2026-02-10 21:45:26
internet,21:45:31,28.7,73.9,OFF,OFF,Strong light detected,2026-02-10 21:45:31
internet,21:45:36,28.7,73.9,OFF,OFF,Strong light detected,2026-02-10 21:45:36
internet,21:45:41,28.7,73.9,OFF,OFF,Strong light detected,2026-02-10 21:45:41
internet,21:45:46,28.7,73.9,OFF,OFF,Strong light detected,2026-02-10 21:45:46
internet,21:45:51,28.7,73.9,OFF,OFF,Strong light detected,2026-02-10 21:45:51
internet,21:45:56,28.7,73.9,OFF,OFF,Strong light detected,2026-02-10 21:45:56
internet,21:46:01,28.7,74.0,OFF,OFF,Strong light detected,2026-02-10 21:46:01
internet,21:46:06,28.7,73.9,OFF,OFF,Strong light detected,2026-02-10 21:46:06
internet,21:46:11,28.7,73.9,OFF,OFF,Strong light detected,2026-02-10 21:46:11
internet,21:46:16,28.7,73.9,OFF,OFF,Strong light detected,2026-02-10 21:46:18
internet,21:46:21,28.7,74.0,OFF,OFF,Strong light detected,2026-02-10 21:46:32
internet,21:46:26,28.7,74.0,OFF,OFF,Strong light detected,2026-02-10 21:46:35
internet,21:46:31,28.7,74.0,ON,OFF,Strong light detected,2026-02-10 21:46:37
internet,21:46:36,28.7,74.0,ON,OFF,Strong light detected,2026-02-10 21:46:37
internet,21:46:41,28.7,74.0,ON,OFF,Strong light detected,2026-02-10 21:46:41
internet,21:46:46,28.7,74.0,ON,OFF,Strong light detected,2026-02-10 21:46:47
internet,21:46:51,28.7,74.0,ON,OFF,Strong light detected,2026-02-10 21:46:51
internet,21:46:56,28.7,74.0,ON,OFF,Strong light detected,2026-02-10 21:46:56
internet,21:47:01,28.7,74.0,ON,OFF,Strong light detected,2026-02-10 21:47:01
internet,21:47:06,28.7,74.0,ON,OFF,Strong light detected,2026-02-10 21:47:06
internet,21:47:11,28.7,74.0,ON,OFF,Strong light detected,2026-02-10 21:47:11
internet,21:47:16,28.7,74.0,ON,OFF,Strong light detected,2026-02-10 21:47:16
internet,21:47:21,28.7,74.0,OFF,OFF,Strong light detected,2026-02-10 21:47:21
internet,21:47:26,29.3,74.0,OFF,OFF,Strong light detected,2026-02-10 21:47:26
internet,21:47:31,28.7,74.0,OFF,OFF,Strong light detected,2026-02-10 21:47:31
internet,21:47:36,29.3,74.1,OFF,OFF,Strong light detected,2026-02-10 21:47:36
internet,21:47:41,29.3,74.0,OFF,OFF,Strong light detected,2026-02-10 21:47:41
internet,21:47:46,28.0,74.1,OFF,OFF,Strong light detected,2026-02-10 21:47:46
internet,21:47:51,28.6,74.1,OFF,OFF,Strong light detected,2026-02-10 21:47:51
internet,21:47:56,28.7,74.1,OFF,OFF,Strong light detected,2026-02-10 21:47:56
internet,21:48:01,28.7,74.1,OFF,OFF,Strong light detected,2026-02-10 21:48:01
internet,21:48:06,28.7,74.1,OFF,OFF,Strong light detected,2026-02-10 21:48:06
internet,21:48:11,28.0,74.1,OFF,OFF,Strong light detected,2026-02-10 21:48:11
internet,21:48:16,28.7,74.4,OFF,OFF,Strong light detected,2026-02-10 21:48:16
internet,21:48:21,28.7,74.3,ON,OFF,Strong light detected,2026-02-10 21:48:21
internet,21:48:26,28.7,74.3,ON,OFF,Strong light detected,2026-02-10 21:48:26
internet,21:48:31,28.7,74.2,ON,OFF,Strong light detected,2026-02-10 21:48:31
internet,21:48:36,29.3,74.2,ON,OFF,Strong light detected,2026-02-10 21:48:36
internet,21:48:41,28.7,74.2,ON,ON,Strong light detected,2026-02-10 21:48:41
internet,21:48:46,28.7,74.2,ON,ON,Strong light detected,2026-02-10 21:48:46
internet,21:48:51,28.0,74.1,OFF,ON,Strong light detected,2026-02-10 21:48:51
internet,21:48:56,28.7,74.1,OFF,ON,Strong light detected,2026-02-10 21:48:56
internet,21:49:01,28.7,74.1,OFF,ON,Strong light detected,2026-02-10 21:49:01
internet,21:49:06,28.7,74.1,OFF,ON,Strong light detected,2026-02-10 21:49:06
internet,21:49:11,28.0,74.1,OFF,OFF,Strong light detected,2026-02-10 21:49:11
internet,21:49:16,28.0,74.2,OFF,OFF,Strong light detected,2026-02-10 21:49:16
internet,21:49:21,28.7,74.1,OFF,OFF,Strong light detected,2026-02-10 21:49:22
internet,21:49:26,28.7,74.1,OFF,OFF,Strong light detected,2026-02-10 21:49:27
internet,21:49:31,28.7,74.2,OFF,OFF,Strong light detected,2026-02-10 21:49:32
internet,21:49:36,28.7,74.1,OFF,OFF,Strong light detected,2026-02-10 21:49:37
internet,21:49:41,28.6,74.1,OFF,OFF,Strong light detected,2026-02-10 21:49:42
internet,21:49:46,28.7,74.1,OFF,OFF,Strong light detected,2026-02-10 21:49:47
internet,21:49:51,28.7,74.1,ON,OFF,Strong light detected,2026-02-10 21:49:52
internet,21:49:57,29.3,74.1,ON,OFF,Strong light detected,2026-02-10 21:49:57
internet,21:50:02,29.3,74.1,ON,OFF,Strong light detected,2026-02-10 21:50:02
internet,21:50:07,28.6,74.1,ON,OFF,Strong light detected,2026-02-10 21:50:07
internet,21:50:12,28.0,74.2,ON,OFF,Strong light detected,2026-02-10 21:50:12
internet,21:50:17,29.3,74.2,ON,OFF,Strong light detected,2026-02-10 21:50:17
internet,21:50:22,28.0,74.1,OFF,OFF,Strong light detected,2026-02-10 21:50:22
internet,21:50:27,28.6,74.1,OFF,OFF,Strong light detected,2026-02-10 21:50:27
internet,21:50:32,29.3,74.2,OFF,OFF,Strong light detected,2026-02-10 21:50:32
internet,21:50:37,28.6,74.2,OFF,OFF,Strong light detected,2026-02-10 21:50:37
internet,21:50:42,28.6,74.2,OFF,OFF,Strong light detected,2026-02-10 21:50:42
internet,21:50:47,28.6,74.2,OFF,OFF,Strong light detected,2026-02-10 21:50:47
internet,21:50:52,28.6,74.2,OFF,OFF,Strong light detected,2026-02-10 21:50:52
internet,21:50:57,28.0,74.2,OFF,OFF,Strong light detected,2026-02-10 21:50:57
internet,21:51:02,28.6,74.2,OFF,OFF,Strong light detected,2026-02-10 21:51:02
internet,21:51:07,28.0,74.2,OFF,OFF,Strong light detected,2026-02-10 21:51:07
internet,21:51:12,28.6,74.2,OFF,OFF,Strong light detected,2026-02-10 21:51:12
internet,21:51:17,28.0,74.3,OFF,OFF,Strong light detected,2026-02-10 21:51:17
internet,21:51:22,28.6,74.2,ON,OFF,Strong light detected,2026-02-10 21:51:22
internet,21:51:27,28.6,74.2,ON,OFF,Strong light detected,2026-02-10 21:51:27
internet,21:51:32,28.6,74.2,ON,OFF,Strong light detected,2026-02-10 21:51:32
internet,21:51:37,28.6,74.3,ON,OFF,Strong light detected,2026-02-10 21:51:37
internet,21:51:42,28.6,74.3,ON,OFF,Strong light detected,2026-02-10 21:51:42
internet,21:51:47,28.6,74.2,ON,OFF,Strong light detected,2026-02-10 21:51:47
internet,21:51:52,28.6,74.3,OFF,OFF,Strong light detected,2026-02-10 21:51:52
internet,21:51:57,28.6,74.3,OFF,OFF,Strong light detected,2026-02-10 21:51:57
internet,21:52:02,28.6,74.3,OFF,OFF,Strong light detected,2026-02-10 21:52:02
internet,21:52:07,28.6,74.2,OFF,OFF,Strong light detected,2026-02-10 21:52:07
internet,21:52:12,28.6,74.3,OFF,OFF,Strong light detected,2026-02-10 21:52:12
internet,21:52:17,28.6,74.3,OFF,OFF,Strong light detected,2026-02-10 21:52:17
internet,21:52:22,28.6,74.2,OFF,OFF,Strong light detected,2026-02-10 21:52:22
internet,21:52:27,28.6,74.3,OFF,OFF,Strong light detected,2026-02-10 21:52:27
internet,21:52:32,28.6,74.3,OFF,OFF,Strong light detected,2026-02-10 21:52:32
internet,21:52:37,28.6,74.3,OFF,OFF,Strong light detected,2026-02-10 21:52:37
internet,21:52:42,28.6,74.3,OFF,ON,Strong light detected,2026-02-10 21:52:42
internet,21:52:47,28.6,74.3,OFF,OFF,Strong light detected,2026-02-10 21:52:47
internet,21:52:52,28.6,74.3,ON,OFF,Strong light detected,2026-02-10 21:52:52
internet,21:52:57,28.6,74.3,ON,OFF,Strong light detected,2026-02-10 21:52:57
internet,21:53:02,28.6,74.3,ON,OFF,Strong light detected,2026-02-10 21:53:02
internet,21:53:07,28.6,74.3,OFF,OFF,Strong light detected,2026-02-10 21:53:07
internet,21:53:12,28.6,74.3,OFF,OFF,Strong light detected,2026-02-10 21:53:12
internet,21:53:17,28.6,74.3,OFF,OFF,Strong light detected,2026-02-10 21:53:17
internet,21:53:22,28.6,74.4,OFF,OFF,Strong light detected,2026-02-10 21:53:22
internet,21:53:27,28.6,74.3,OFF,OFF,Strong light detected,2026-02-10 21:53:27
internet,21:53:32,28.6,74.3,OFF,OFF,Strong light detected,2026-02-10 21:53:32
internet,21:53:37,28.6,74.3,OFF,OFF,Strong light detected,2026-02-10 21:53:37
internet,21:53:42,28.6,74.3,OFF,OFF,Strong light detected,2026-02-10 21:53:42
internet,21:53:47,28.6,74.3,OFF,OFF,Strong light detected,2026-02-10 21:53:47
internet,21:53:52,28.6,74.2,OFF,OFF,Strong light detected,2026-02-10 21:53:52
internet,21:53:57,28.6,74.3,OFF,OFF,Strong light detected,2026-02-10 21:53:57
internet,21:54:02,28.6,74.3,OFF,OFF,Strong light detected,2026-02-10 21:54:02
internet,21:54:07,28.6,74.3,ON,OFF,Strong light detected,2026-02-10 21:54:07
internet,21:54:12,28.6,74.3,ON,OFF,Strong light detected,2026-02-10 21:54:13
internet,21:54:17,28.6,74.3,ON,OFF,Strong light detected,2026-02-10 21:54:18
internet,21:54:22,28.6,74.3,ON,OFF,Strong light detected,2026-02-10 21:54:23
internet,21:54:27,28.6,74.3,ON,OFF,Strong light detected,2026-02-10 21:54:28
internet,21:54:32,28.6,74.3,OFF,OFF,Strong light detected,2026-02-10 21:54:33
internet,21:54:38,28.6,74.3,OFF,OFF,Strong light detected,2026-02-10 21:54:38
internet,21:54:43,28.6,74.3,OFF,OFF,Strong light detected,2026-02-10 21:54:43
internet,21:54:48,28.6,74.3,OFF,OFF,Strong light detected,2026-02-10 21:54:48
internet,21:54:53,28.6,74.3,OFF,OFF,Strong light detected,2026-02-10 21:54:53
internet,21:54:58,28.6,74.3,OFF,OFF,Strong light detected,2026-02-10 21:54:58
internet,21:55:03,28.6,74.2,OFF,OFF,Strong light detected,2026-02-10 21:55:03
internet,21:55:08,28.6,74.3,OFF,OFF,Strong light detected,2026-02-10 21:55:08
internet,21:55:13,28.6,74.3,OFF,OFF,Strong light detected,2026-02-10 21:55:13
internet,21:55:18,28.6,74.3,OFF,OFF,Strong light detected,2026-02-10 21:55:18
internet,21:55:23,28.6,74.3,ON,OFF,Strong light detected,2026-02-10 21:55:23
internet,21:55:28,28.6,74.3,ON,OFF,Strong light detected,2026-02-10 21:55:28
internet,21:55:33,28.6,74.3,ON,OFF,Strong light detected,2026-02-10 21:55:33
internet,21:55:38,28.6,74.3,ON,OFF,Strong light detected,2026-02-10 21:55:38
internet,21:55:43,28.6,74.3,ON,OFF,Strong light detected,2026-02-10 21:55:43
internet,21:55:48,28.6,74.3,ON,OFF,Strong light detected,2026-02-10 21:55:48
internet,21:55:53,28.6,74.3,OFF,OFF,Strong light detected,2026-02-10 21:55:53
internet,21:55:58,28.6,74.3,OFF,OFF,Strong light detected,2026-02-10 21:55:58
internet,21:56:03,28.6,74.3,OFF,OFF,Strong light detected,2026-02-10 21:56:03
internet,21:56:08,28.6,74.3,OFF,OFF,Strong light detected,2026-02-10 21:56:35
internet,21:56:13,28.6,74.3,OFF,OFF,Strong light detected,2026-02-10 21:56:35
internet,21:56:18,28.6,74.3,OFF,OFF,Strong light detected,2026-02-10 21:56:35
internet,21:56:23,28.6,74.3,OFF,OFF,Strong light detected,2026-02-10 21:56:35
internet,21:56:28,28.6,74.3,OFF,OFF,Strong light detected,2026-02-10 21:56:35
internet,21:56:33,28.6,74.4,OFF,OFF,Strong light detected,2026-02-10 21:56:35
internet,21:56:38,28.6,74.4,ON,OFF,Strong light detected,2026-02-10 21:56:38
internet,21:56:43,28.6,74.4,ON,OFF,Strong light detected,2026-02-10 21:56:43
internet,21:56:48,28.6,74.4,ON,OFF,Strong light detected,2026-02-10 21:56:48
internet,21:56:53,28.6,74.4,ON,OFF,Strong light detected,2026-02-10 21:56:53
internet,21:56:58,28.6,74.4,ON,OFF,Strong light detected,2026-02-10 21:56:58
internet,21:57:03,28.6,74.4,ON,OFF,Strong light detected,2026-02-10 21:57:03
internet,21:57:08,28.6,74.4,OFF,OFF,Strong light detected,2026-02-10 21:57:08
internet,21:57:13,28.6,74.4,OFF,OFF,Strong light detected,2026-02-10 21:57:13
internet,21:57:18,28.6,74.4,OFF,OFF,Strong light detected,2026-02-10 21:57:18
internet,21:57:23,28.6,74.4,OFF,OFF,Strong light detected,2026-02-10 21:57:23
internet,21:57:28,28.6,74.4,OFF,OFF,Strong light detected,2026-02-10 21:57:28
internet,21:57:33,28.6,74.4,OFF,OFF,Strong light detected,2026-02-10 21:57:33
internet,21:57:38,28.6,74.4,OFF,OFF,Strong light detected,2026-02-10 21:57:38
internet,21:57:43,28.6,74.4,OFF,OFF,Strong light detected,2026-02-10 21:57:43
internet,21:57:48,28.6,74.4,OFF,OFF,Strong light detected,2026-02-10 21:57:48
internet,21:57:53,28.6,74.4,OFF,OFF,Strong light detected,2026-02-10 21:57:53
internet,21:57:58,28.6,74.4,OFF,OFF,Strong light detected,2026-02-10 21:57:58
internet,21:58:03,28.6,74.4,OFF,OFF,Strong light detected,2026-02-10 21:58:03
internet,21:58:08,28.6,74.4,ON,OFF,Strong light detected,2026-02-10 21:58:08
internet,21:58:13,28.6,74.4,ON,OFF,Strong light detected,2026-02-10 21:58:13
internet,21:58:18,28.6,74.4,ON,OFF,Strong light detected,2026-02-10 21:58:18
internet,21:58:23,28.6,74.5,ON,OFF,Strong light detected,2026-02-10 21:58:23
internet,21:58:28,28.6,74.4,ON,OFF,Strong light detected,2026-02-10 21:58:29
internet,21:58:33,28.6,74.5,ON,OFF,Strong light detected,2026-02-10 21:58:33
internet,21:58:38,28.6,74.5,OFF,OFF,Strong light detected,2026-02-10 21:58:38
internet,21:58:43,28.6,74.4,OFF,OFF,Strong light detected,2026-02-10 21:58:43
internet,21:58:48,28.6,74.5,OFF,OFF,Strong light detected,2026-02-10 21:58:49
internet,21:58:53,28.6,74.5,OFF,OFF,Strong light detected,2026-02-10 21:58:54
internet,21:58:58,28.6,74.4,OFF,OFF,Strong light detected,2026-02-10 21:58:59
internet,21:59:03,28.6,74.5,OFF,OFF,Strong light detected,2026-02-10 21:59:04
internet,21:59:08,28.6,74.5,OFF,OFF,Strong light detected,2026-02-10 21:59:09
internet,21:59:13,28.6,74.5,OFF,OFF,Strong light detected,2026-02-10 21:59:14
internet,21:59:19,28.6,74.5,OFF,OFF,Strong light detected,2026-02-10 21:59:19
internet,21:59:24,28.6,74.5,OFF,OFF,Strong light detected,2026-02-10 21:59:24
internet,21:59:29,28.6,74.5,OFF,OFF,Strong light detected,2026-02-10 21:59:29
internet,21:59:34,28.6,74.5,OFF,OFF,Strong light detected,2026-02-10 21:59:34
internet,21:59:39,28.6,74.5,ON,OFF,Strong light detected,2026-02-10 21:59:39
internet,21:59:44,28.6,74.5,OFF,OFF,Strong light detected,2026-02-10 21:59:44
internet,21:59:49,28.6,74.5,ON,OFF,Strong light detected,2026-02-10 21:59:49
internet,21:59:54,28.6,74.5,ON,OFF,Strong light detected,2026-02-10 21:59:54
internet,21:59:59,28.6,74.5,OFF,OFF,Strong light detected,2026-02-10 21:59:59
internet,22:00:04,28.6,74.5,OFF,OFF,Strong light detected,2026-02-10 22:00:04
internet,22:00:09,28.6,74.5,ON,OFF,Strong light detected,2026-02-10 22:00:09
internet,22:00:14,28.6,74.5,OFF,OFF,Strong light detected,2026-02-10 22:00:14
internet,22:00:19,28.6,74.6,OFF,OFF,Strong light detected,2026-02-10 22:00:19
internet,22:00:24,28.6,74.6,OFF,OFF,Strong light detected,2026-02-10 22:00:24
internet,22:00:29,28.6,74.6,ON,OFF,Strong light detected,2026-02-10 22:00:29
internet,22:00:34,28.6,74.6,ON,OFF,Strong light detected,2026-02-10 22:00:34
internet,22:00:39,28.6,74.6,OFF,OFF,Strong light detected,2026-02-10 22:00:39
                                                                                                                                                                                                                                             internet,22:11:28,25.6,82.4,ON,OFF,Outside capture hours,2026-02-10 22:11:28
internet,22:11:33,25.6,82.3,OFF,OFF,No fireflies detected,2026-02-10 22:11:33
internet,22:11:38,25.7,82.2,OFF,OFF,No fireflies detected,2026-02-10 22:11:38
internet,22:11:43,25.7,82.1,OFF,ON,No fireflies detected,2026-02-10 22:11:43
internet,22:11:48,25.7,81.9,OFF,ON,Fireflies detected,2026-02-10 22:11:48
internet,22:11:53,25.7,81.9,OFF,ON,Strong light detected,2026-02-10 22:11:53
internet,22:11:58,25.8,81.8,ON,ON,Strong light detected,2026-02-10 22:11:58
internet,22:12:03,25.8,81.8,ON,ON,Fireflies detected,2026-02-10 22:12:03
internet,22:12:08,25.8,81.7,ON,ON,Strong light detected,2026-02-10 22:12:08
internet,22:12:13,25.8,81.5,OFF,OFF,Strong light detected,2026-02-10 22:12:13
internet,22:12:18,25.8,81.3,ON,OFF,No fireflies detected,2026-02-10 22:12:18
internet,22:12:23,26.5,81.1,ON,OFF,No fireflies detected,2026-02-10 22:12:23
internet,22:12:28,26.5,81.0,ON,ON,Strong light detected,2026-02-10 22:12:28
internet,22:12:33,25.9,80.9,ON,ON,Strong light detected,2026-02-10 22:12:33
internet,22:12:38,25.9,80.8,ON,ON,Fireflies detected,2026-02-10 22:12:38
internet,22:12:43,25.9,80.8,ON,ON,Strong light detected,2026-02-10 22:12:43
internet,22:12:48,25.9,80.8,OFF,ON,Strong light detected,2026-02-10 22:12:48
internet,22:12:53,25.9,80.8,OFF,ON,Strong light detected,2026-02-10 22:12:53
internet,22:12:58,25.9,80.8,OFF,OFF,No fireflies detected,2026-02-10 22:12:58
internet,22:13:03,25.9,80.8,OFF,OFF,No fireflies detected,2026-02-10 22:13:03
internet,22:13:08,25.9,80.8,OFF,OFF,No fireflies detected,2026-02-10 22:13:08
internet,22:13:13,25.9,80.8,OFF,OFF,No fireflies detected,2026-02-10 22:13:13
internet,22:13:18,25.9,80.8,OFF,OFF,No fireflies detected,2026-02-10 22:13:18
internet,22:13:23,25.9,80.7,OFF,OFF,No fireflies detected,2026-02-10 22:13:23
internet,22:13:28,25.9,80.6,OFF,OFF,No fireflies detected,2026-02-10 22:13:28
internet,22:13:33,25.9,80.5,OFF,ON,Strong light detected,2026-02-10 22:13:33
internet,22:13:38,25.9,80.6,OFF,OFF,Strong light detected,2026-02-10 22:13:38
internet,22:13:43,25.9,80.6,OFF,OFF,No fireflies detected,2026-02-10 22:13:43
internet,22:13:48,25.9,80.7,OFF,OFF,No fireflies detected,2026-02-10 22:13:48
internet,22:13:53,25.9,80.7,OFF,OFF,No fireflies detected,2026-02-10 22:13:54
internet,22:13:58,25.3,80.7,ON,OFF,No fireflies detected,2026-02-10 22:13:59
internet,22:14:03,25.9,80.6,ON,OFF,No fireflies detected,2026-02-10 22:14:04
internet,22:14:09,25.9,80.6,ON,OFF,No fireflies detected,2026-02-10 22:14:09
internet,22:14:14,25.9,80.5,ON,OFF,No fireflies detected,2026-02-10 22:14:14
internet,22:14:19,25.9,80.5,ON,OFF,No fireflies detected,2026-02-10 22:14:19
internet,22:14:24,26.0,80.5,ON,OFF,No fireflies detected,2026-02-10 22:14:24
internet,22:14:29,25.3,80.4,OFF,OFF,No fireflies detected,2026-02-10 22:14:29
internet,22:14:34,25.9,80.4,OFF,OFF,No fireflies detected,2026-02-10 22:14:34
internet,22:14:39,25.9,80.3,OFF,OFF,No fireflies detected,2026-02-10 22:14:39
internet,22:14:44,26.6,80.2,OFF,OFF,No fireflies detected,2026-02-10 22:14:44
internet,22:14:49,25.9,80.1,OFF,OFF,No fireflies detected,2026-02-10 22:14:49
internet,22:14:54,25.9,80.2,OFF,OFF,No fireflies detected,2026-02-10 22:14:54
internet,22:14:59,25.9,80.3,OFF,OFF,No fireflies detected,2026-02-10 22:14:59
internet,22:15:04,26.0,80.4,OFF,OFF,No fireflies detected,2026-02-10 22:15:05
internet,22:15:09,25.3,80.5,OFF,OFF,No fireflies detected,2026-02-10 22:15:10
internet,22:15:14,25.9,80.5,OFF,OFF,No fireflies detected,2026-02-10 22:15:14
internet,22:15:19,25.9,80.4,OFF,OFF,No fireflies detected,2026-02-10 22:15:19
internet,22:15:24,25.9,80.4,OFF,OFF,No fireflies detected,2026-02-10 22:15:24
internet,22:15:29,25.9,80.4,ON,OFF,No fireflies detected,2026-02-10 22:15:29
internet,22:15:34,25.9,80.5,ON,OFF,No fireflies detected,2026-02-10 22:15:34
internet,22:15:39,25.9,80.6,ON,OFF,No fireflies detected,2026-02-10 22:15:39
internet,22:15:44,25.9,80.6,ON,OFF,No fireflies detected,2026-02-10 22:15:44
internet,22:15:49,25.9,80.5,ON,OFF,No fireflies detected,2026-02-10 22:15:49
internet,22:15:54,25.9,80.5,ON,OFF,No fireflies detected,2026-02-10 22:15:54
internet,22:15:59,25.9,80.5,OFF,OFF,No fireflies detected,2026-02-10 22:15:59
internet,22:16:04,25.9,80.5,OFF,OFF,No fireflies detected,2026-02-10 22:16:04
internet,22:16:09,25.9,80.6,OFF,OFF,No fireflies detected,2026-02-10 22:16:09
internet,22:16:14,25.9,80.6,OFF,OFF,No fireflies detected,2026-02-10 22:16:14
internet,22:16:19,25.9,80.7,OFF,OFF,No fireflies detected,2026-02-10 22:16:19
internet,22:16:24,25.9,80.6,OFF,OFF,No fireflies detected,2026-02-10 22:16:24
internet,22:16:29,25.9,80.6,OFF,OFF,No fireflies detected,2026-02-10 22:16:29
internet,22:16:34,25.9,80.7,OFF,OFF,No fireflies detected,2026-02-10 22:16:34
internet,22:16:39,25.9,80.8,OFF,OFF,No fireflies detected,2026-02-10 22:18:35
internet,22:16:44,26.5,80.9,OFF,OFF,No fireflies detected,2026-02-10 22:18:35
internet,22:16:49,26.5,81.0,OFF,OFF,No fireflies detected,2026-02-10 22:18:35
internet,22:16:54,26.5,81.0,OFF,OFF,No fireflies detected,2026-02-10 22:18:35
internet,22:16:59,25.8,80.9,ON,OFF,No fireflies detected,2026-02-10 22:18:35
internet,22:17:04,25.8,80.9,ON,OFF,No fireflies detected,2026-02-10 22:18:35
internet,22:17:09,25.8,80.9,ON,OFF,No fireflies detected,2026-02-10 22:18:35
internet,22:17:14,25.8,81.0,ON,OFF,No fireflies detected,2026-02-10 22:18:35
internet,22:17:19,25.8,81.1,ON,OFF,No fireflies detected,2026-02-10 22:18:35
internet,22:17:24,25.8,81.1,ON,OFF,No fireflies detected,2026-02-10 22:18:35
internet,22:17:29,25.8,81.2,OFF,OFF,No fireflies detected,2026-02-10 22:18:35
internet,22:17:34,25.8,81.3,OFF,OFF,No fireflies detected,2026-02-10 22:18:35
internet,22:17:39,25.8,81.4,OFF,OFF,No fireflies detected,2026-02-10 22:18:35
internet,22:17:44,25.8,81.5,OFF,OFF,No fireflies detected,2026-02-10 22:18:35
internet,22:17:49,25.8,81.6,OFF,OFF,No fireflies detected,2026-02-10 22:18:35
internet,22:17:54,25.8,81.6,OFF,OFF,No fireflies detected,2026-02-10 22:18:35
internet,22:17:59,25.8,81.7,OFF,OFF,No fireflies detected,2026-02-10 22:18:35
internet,22:18:04,25.8,81.7,OFF,OFF,No fireflies detected,2026-02-10 22:18:35
internet,22:18:09,25.8,81.7,OFF,OFF,No fireflies detected,2026-02-10 22:18:35
internet,22:18:14,25.1,81.6,OFF,OFF,No fireflies detected,2026-02-10 22:18:35
internet,22:18:19,25.1,81.5,OFF,OFF,No fireflies detected,2026-02-10 22:18:35
internet,22:18:24,25.1,81.5,OFF,OFF,No fireflies detected,2026-02-10 22:18:35
internet,22:18:29,25.1,81.4,ON,OFF,No fireflies detected,2026-02-10 22:18:35
internet,22:18:34,25.1,81.4,ON,OFF,No fireflies detected,2026-02-10 22:18:35
internet,22:18:39,25.1,81.4,ON,ON,No fireflies detected,2026-02-10 22:18:39
internet,22:18:44,25.1,81.4,ON,ON,Fireflies detected,2026-02-10 22:18:44
internet,22:18:50,25.7,81.5,ON,ON,Strong light detected,2026-02-10 22:18:50
internet,22:18:55,25.7,81.5,ON,ON,Strong light detected,2026-02-10 22:18:55
internet,22:19:00,25.1,81.5,OFF,ON,Fireflies detected,2026-02-10 22:19:00
internet,22:19:05,25.7,81.6,OFF,ON,Strong light detected,2026-02-10 22:19:05
internet,22:19:10,25.1,81.7,OFF,OFF,Strong light detected,2026-02-10 22:19:10
internet,22:19:15,25.7,81.6,OFF,OFF,No fireflies detected,2026-02-10 22:19:15
internet,22:19:20,25.7,81.5,OFF,OFF,No fireflies detected,2026-02-10 22:19:20
internet,22:19:25,26.4,81.5,OFF,OFF,No fireflies detected,2026-02-10 22:19:25
internet,22:19:30,25.8,81.5,OFF,OFF,No fireflies detected,2026-02-10 22:19:30
internet,22:19:35,25.7,81.5,OFF,OFF,No fireflies detected,2026-02-10 22:19:35
internet,22:19:40,25.1,81.4,OFF,OFF,No fireflies detected,2026-02-10 22:19:40
internet,22:19:45,25.1,81.3,OFF,OFF,No fireflies detected,2026-02-10 22:19:45
internet,22:19:50,25.7,81.3,OFF,OFF,No fireflies detected,2026-02-10 22:19:50
internet,22:19:55,25.7,81.3,OFF,OFF,No fireflies detected,2026-02-10 22:19:55
internet,22:20:00,25.7,81.2,ON,OFF,No fireflies detected,2026-02-10 22:20:00
internet,22:20:05,25.7,81.3,ON,OFF,Strong light detected,2026-02-10 22:20:05
internet,22:20:10,25.7,81.4,ON,OFF,Strong light detected,2026-02-10 22:20:10
internet,22:20:15,25.7,81.3,ON,OFF,No fireflies detected,2026-02-10 22:20:15
internet,22:20:20,25.7,81.3,ON,OFF,Strong light detected,2026-02-10 22:20:20
internet,22:20:25,25.7,81.4,ON,OFF,No fireflies detected,2026-02-10 22:20:25
internet,22:20:30,25.7,81.4,OFF,OFF,No fireflies detected,2026-02-10 22:20:30
internet,22:20:35,25.7,81.5,OFF,OFF,Fireflies detected,2026-02-10 22:20:35
internet,22:20:40,25.7,81.5,OFF,OFF,Strong light detected,2026-02-10 22:20:40
internet,22:20:45,25.7,81.5,OFF,OFF,Strong light detected,2026-02-10 22:20:45
internet,22:20:50,25.7,81.5,OFF,OFF,Strong light detected,2026-02-10 22:20:50
internet,22:20:55,25.7,81.5,OFF,OFF,Strong light detected,2026-02-10 22:20:55
internet,22:21:00,25.7,81.5,OFF,OFF,Strong light detected,2026-02-10 22:21:00
internet,22:21:05,25.7,81.5,OFF,OFF,No fireflies detected,2026-02-10 22:21:05
internet,22:21:10,25.7,81.5,OFF,OFF,No fireflies detected,2026-02-10 22:21:10
internet,22:21:15,25.7,81.5,OFF,OFF,No fireflies detected,2026-02-10 22:21:15
internet,22:21:20,25.7,81.5,OFF,OFF,No fireflies detected,2026-02-10 22:21:20
internet,22:21:25,25.7,81.6,OFF,OFF,No fireflies detected,2026-02-10 22:21:25
internet,22:21:30,25.7,81.7,ON,OFF,No fireflies detected,2026-02-10 22:21:30
internet,22:21:35,25.7,81.7,ON,OFF,No fireflies detected,2026-02-10 22:21:35
internet,22:21:40,25.7,81.6,ON,OFF,No fireflies detected,2026-02-10 22:21:40
internet,22:21:45,25.7,81.5,ON,OFF,No fireflies detected,2026-02-10 22:21:45
internet,22:21:50,25.7,81.4,ON,OFF,No fireflies detected,2026-02-10 22:21:50
internet,22:21:55,25.7,81.4,ON,OFF,No fireflies detected,2026-02-10 22:21:55
internet,22:22:00,25.7,81.5,OFF,OFF,No fireflies detected,2026-02-10 22:22:00
internet,22:22:05,25.0,81.5,OFF,ON,No fireflies detected,2026-02-10 22:22:05
internet,22:22:10,25.7,81.6,OFF,ON,Strong light detected,2026-02-10 22:22:10
internet,22:22:15,25.0,81.6,OFF,OFF,No fireflies detected,2026-02-10 22:22:15
internet,22:22:20,25.6,81.6,OFF,OFF,No fireflies detected,2026-02-10 22:22:20
internet,22:22:25,25.6,81.6,OFF,OFF,No fireflies detected,2026-02-10 22:22:25
internet,22:22:30,25.0,81.6,OFF,OFF,No fireflies detected,2026-02-10 22:22:30
internet,22:22:35,25.6,81.6,OFF,OFF,No fireflies detected,2026-02-10 22:22:35
internet,22:22:40,25.6,81.5,OFF,OFF,No fireflies detected,2026-02-10 22:22:40
internet,22:22:45,25.6,81.5,OFF,OFF,No fireflies detected,2026-02-10 22:24:42
internet,22:22:50,25.6,81.5,OFF,OFF,No fireflies detected,2026-02-10 22:24:42
internet,22:22:55,25.6,81.5,OFF,OFF,No fireflies detected,2026-02-10 22:24:42
internet,22:23:00,25.6,81.4,ON,OFF,No fireflies detected,2026-02-10 22:24:42
internet,22:23:05,25.6,81.4,ON,OFF,No fireflies detected,2026-02-10 22:24:42
internet,22:23:10,25.6,81.5,ON,OFF,No fireflies detected,2026-02-10 22:24:42
internet,22:23:15,25.6,81.6,ON,OFF,No fireflies detected,2026-02-10 22:24:42
internet,22:23:20,25.6,81.6,ON,OFF,No fireflies detected,2026-02-10 22:24:42
internet,22:23:25,25.6,81.6,ON,OFF,No fireflies detected,2026-02-10 22:24:42
internet,22:23:31,25.6,81.6,OFF,OFF,No fireflies detected,2026-02-10 22:24:42
internet,22:23:36,25.6,81.7,OFF,OFF,No fireflies detected,2026-02-10 22:24:42
internet,22:23:41,25.6,81.8,OFF,OFF,No fireflies detected,2026-02-10 22:24:42
internet,22:23:46,25.6,81.8,OFF,OFF,No fireflies detected,2026-02-10 22:24:42
internet,22:23:51,25.6,81.8,OFF,OFF,No fireflies detected,2026-02-10 22:24:42
internet,22:23:56,26.2,81.8,OFF,OFF,No fireflies detected,2026-02-10 22:24:42
internet,22:24:01,26.2,81.9,OFF,OFF,No fireflies detected,2026-02-10 22:24:42
internet,22:24:06,25.5,81.9,OFF,OFF,No fireflies detected,2026-02-10 22:24:42
internet,22:24:11,24.9,82.0,OFF,OFF,No fireflies detected,2026-02-10 22:24:42
internet,22:24:16,24.9,82.1,OFF,OFF,No fireflies detected,2026-02-10 22:24:42
internet,22:24:21,25.6,82.2,OFF,OFF,No fireflies detected,2026-02-10 22:24:42
internet,22:24:26,25.6,82.3,OFF,OFF,No fireflies detected,2026-02-10 22:24:42
internet,22:24:31,25.6,82.3,ON,OFF,No fireflies detected,2026-02-10 22:24:42
internet,22:24:36,25.6,82.3,ON,OFF,No fireflies detected,2026-02-10 22:24:42
internet,22:24:41,25.6,82.2,ON,OFF,No fireflies detected,2026-02-10 22:24:42
internet,22:24:46,25.5,82.1,ON,OFF,No fireflies detected,2026-02-10 22:24:46
internet,22:24:51,26.2,82.1,ON,OFF,No fireflies detected,2026-02-10 22:24:51
internet,22:24:56,24.9,82.0,ON,OFF,No fireflies detected,2026-02-10 22:24:56
internet,22:25:01,25.6,82.0,OFF,OFF,No fireflies detected,2026-02-10 22:25:01
internet,22:25:06,25.6,82.1,OFF,OFF,No fireflies detected,2026-02-10 22:25:06
internet,22:25:11,25.6,82.0,OFF,OFF,No fireflies detected,2026-02-10 22:25:11
internet,22:25:16,24.9,82.0,OFF,OFF,No fireflies detected,2026-02-10 22:25:16
internet,22:25:21,25.6,82.0,OFF,OFF,No fireflies detected,2026-02-10 22:25:21
internet,22:25:26,24.9,82.0,OFF,OFF,No fireflies detected,2026-02-10 22:25:26
internet,22:25:31,25.6,82.0,OFF,OFF,No fireflies detected,2026-02-10 22:25:31
internet,22:25:36,25.5,82.0,OFF,OFF,No fireflies detected,2026-02-10 22:25:36
internet,22:25:41,25.5,82.0,OFF,OFF,No fireflies detected,2026-02-10 22:25:41
internet,22:25:46,25.5,82.0,OFF,OFF,No fireflies detected,2026-02-10 22:25:46
internet,22:25:51,25.5,82.0,OFF,OFF,No fireflies detected,2026-02-10 22:25:51
internet,22:25:56,25.5,81.9,OFF,OFF,No fireflies detected,2026-02-10 22:25:56
internet,22:26:01,25.5,81.9,ON,OFF,No fireflies detected,2026-02-10 22:26:01
internet,22:26:06,25.5,81.8,ON,OFF,No fireflies detected,2026-02-10 22:26:06
internet,22:26:11,25.5,81.7,ON,OFF,No fireflies detected,2026-02-10 22:26:11
internet,22:26:16,25.5,81.7,ON,OFF,No fireflies detected,2026-02-10 22:26:16
internet,22:26:21,25.5,81.8,ON,OFF,No fireflies detected,2026-02-10 22:26:21
internet,22:26:26,25.5,81.9,ON,OFF,No fireflies detected,2026-02-10 22:26:26
internet,22:26:31,25.5,81.9,OFF,OFF,No fireflies detected,2026-02-10 22:26:31
internet,22:26:36,25.5,82.0,OFF,OFF,No fireflies detected,2026-02-10 22:26:36
internet,22:26:41,25.5,82.0,OFF,OFF,No fireflies detected,2026-02-10 22:26:41
internet,22:26:46,25.5,82.1,OFF,OFF,No fireflies detected,2026-02-10 22:26:46
internet,22:26:51,25.5,82.1,OFF,OFF,No fireflies detected,2026-02-10 22:26:51
internet,22:26:56,25.5,82.2,OFF,OFF,No fireflies detected,2026-02-10 22:26:56
internet,22:27:01,25.5,82.3,OFF,OFF,No fireflies detected,2026-02-10 22:27:01
internet,22:27:06,25.5,82.3,OFF,OFF,No fireflies detected,2026-02-10 22:27:06
internet,22:27:11,25.5,82.3,OFF,OFF,No fireflies detected,2026-02-10 22:27:11
internet,22:27:16,25.5,82.4,OFF,ON,Fireflies detected,2026-02-10 22:27:16
internet,22:27:21,25.5,82.4,OFF,ON,Strong light detected,2026-02-10 22:27:21
internet,22:27:26,25.5,82.4,OFF,ON,Strong light detected,2026-02-10 22:27:26
internet,22:27:31,25.5,82.4,ON,ON,Strong light detected,2026-02-10 22:27:31
internet,22:27:36,25.5,82.5,ON,ON,Strong light detected,2026-02-10 22:27:36
internet,22:27:41,25.5,82.5,ON,ON,Strong light detected,2026-02-10 22:27:42
internet,22:27:46,25.5,82.5,ON,OFF,No fireflies detected,2026-02-10 22:27:47
internet,22:27:51,25.5,82.4,ON,OFF,No fireflies detected,2026-02-10 22:27:52
internet,22:27:56,25.4,82.5,ON,OFF,No fireflies detected,2026-02-10 22:27:57
internet,22:28:01,25.5,82.5,OFF,OFF,No fireflies detected,2026-02-10 22:28:02
internet,22:28:06,25.4,82.6,OFF,OFF,No fireflies detected,2026-02-10 22:28:07
internet,22:28:11,26.1,82.7,OFF,OFF,No fireflies detected,2026-02-10 22:28:12
internet,22:28:17,26.1,82.7,OFF,OFF,Fireflies detected,2026-02-10 22:28:17
internet,22:28:22,24.8,82.8,OFF,OFF,Strong light detected,2026-02-10 22:28:22
internet,22:28:27,24.8,82.8,OFF,OFF,No fireflies detected,2026-02-10 22:28:27
internet,22:28:32,25.4,82.8,OFF,OFF,Fireflies detected,2026-02-10 22:28:32
internet,22:28:37,25.4,82.9,OFF,OFF,Strong light detected,2026-02-10 22:28:37
internet,22:28:42,25.4,82.9,OFF,OFF,Strong light detected,2026-02-10 22:28:42
internet,22:28:47,25.4,82.9,OFF,OFF,Strong light detected,2026-02-10 22:28:47
internet,22:28:52,25.4,82.9,OFF,OFF,Strong light detected,2026-02-10 22:28:52
internet,22:28:57,25.4,82.9,OFF,OFF,Strong light detected,2026-02-10 22:28:57
internet,22:29:02,25.4,82.9,ON,OFF,Strong light detected,2026-02-10 22:29:02
internet,22:29:07,25.4,82.9,ON,OFF,Strong light detected,2026-02-10 22:29:07
internet,22:29:12,25.4,83.0,ON,OFF,Strong light detected,2026-02-10 22:29:12
internet,22:29:17,25.4,83.0,ON,OFF,Strong light detected,2026-02-10 22:29:17
internet,22:29:22,25.4,83.0,ON,OFF,Strong light detected,2026-02-10 22:29:22
internet,22:29:27,25.4,83.0,ON,OFF,Strong light detected,2026-02-10 22:29:27
internet,22:29:32,25.4,83.1,OFF,OFF,Strong light detected,2026-02-10 22:29:32
internet,22:29:37,25.4,83.2,OFF,OFF,Strong light detected,2026-02-10 22:29:37
internet,22:29:42,25.4,83.2,OFF,OFF,Strong light detected,2026-02-10 22:29:42
internet,22:29:47,25.4,83.1,OFF,OFF,No fireflies detected,2026-02-10 22:29:47
internet,22:29:52,25.4,82.9,OFF,OFF,No fireflies detected,2026-02-10 22:29:52
internet,22:29:57,25.4,82.9,OFF,OFF,No fireflies detected,2026-02-10 22:29:57
internet,22:30:02,25.4,82.9,OFF,OFF,No fireflies detected,2026-02-10 22:30:02
internet,22:30:07,25.4,82.8,OFF,OFF,No fireflies detected,2026-02-10 22:30:07
internet,22:30:12,25.4,82.8,OFF,OFF,No fireflies detected,2026-02-10 22:30:12
internet,22:30:17,25.4,82.8,OFF,OFF,No fireflies detected,2026-02-10 22:30:17
internet,22:30:22,25.4,82.9,OFF,OFF,No fireflies detected,2026-02-10 22:30:22
internet,22:30:27,25.4,82.8,OFF,OFF,No fireflies detected,2026-02-10 22:30:27
internet,22:30:32,25.4,82.9,ON,OFF,No fireflies detected,2026-02-10 22:30:32
internet,22:30:37,25.4,82.9,ON,OFF,No fireflies detected,2026-02-10 22:30:37
internet,22:30:42,25.4,83.0,ON,OFF,No fireflies detected,2026-02-10 22:30:42
internet,22:30:47,25.4,83.0,ON,OFF,No fireflies detected,2026-02-10 22:30:47
internet,22:30:52,25.4,83.1,ON,OFF,No fireflies detected,2026-02-10 22:30:52
internet,22:30:57,25.4,83.1,ON,OFF,No fireflies detected,2026-02-10 22:30:57
internet,22:31:02,25.4,83.1,OFF,OFF,No fireflies detected,2026-02-10 22:31:02
internet,22:31:07,25.4,83.2,OFF,OFF,No fireflies detected,2026-02-10 22:31:07
internet,22:31:12,25.4,83.3,OFF,OFF,No fireflies detected,2026-02-10 22:31:12
internet,22:31:17,25.4,83.3,OFF,OFF,No fireflies detected,2026-02-10 22:31:17
internet,22:31:22,25.4,83.3,OFF,OFF,No fireflies detected,2026-02-10 22:33:18
internet,22:31:27,25.4,83.2,OFF,OFF,No fireflies detected,2026-02-10 22:33:18
internet,22:31:32,25.4,83.2,OFF,OFF,No fireflies detected,2026-02-10 22:33:18
internet,22:31:37,25.4,83.1,OFF,OFF,No fireflies detected,2026-02-10 22:33:18
internet,22:31:42,25.4,83.1,OFF,OFF,No fireflies detected,2026-02-10 22:33:18
internet,22:31:47,25.4,83.0,OFF,OFF,No fireflies detected,2026-02-10 22:33:19
internet,22:31:52,25.4,83.0,OFF,OFF,No fireflies detected,2026-02-10 22:33:19
internet,22:31:57,25.4,83.0,OFF,OFF,No fireflies detected,2026-02-10 22:33:19
internet,22:32:02,25.4,83.0,ON,OFF,No fireflies detected,2026-02-10 22:33:19
internet,22:32:07,25.4,83.0,ON,OFF,No fireflies detected,2026-02-10 22:33:19
internet,22:32:12,25.4,82.9,ON,OFF,No fireflies detected,2026-02-10 22:33:19
internet,22:32:17,25.4,82.9,ON,OFF,No fireflies detected,2026-02-10 22:33:19
internet,22:32:22,25.4,82.9,ON,OFF,No fireflies detected,2026-02-10 22:33:19
internet,22:32:27,25.4,82.9,ON,OFF,No fireflies detected,2026-02-10 22:33:19
internet,22:32:32,25.4,82.9,OFF,OFF,No fireflies detected,2026-02-10 22:33:19
internet,22:32:37,25.4,82.9,OFF,OFF,No fireflies detected,2026-02-10 22:33:19
internet,22:32:42,25.4,82.9,OFF,OFF,No fireflies detected,2026-02-10 22:33:19
internet,22:32:47,25.4,83.0,OFF,ON,No fireflies detected,2026-02-10 22:33:19
internet,22:32:52,25.4,83.0,OFF,ON,No fireflies detected,2026-02-10 22:33:19
internet,22:32:58,25.4,83.0,OFF,ON,No fireflies detected,2026-02-10 22:33:19
internet,22:33:03,25.4,83.1,OFF,ON,No fireflies detected,2026-02-10 22:33:19
internet,22:33:08,25.4,83.2,OFF,ON,No fireflies detected,2026-02-10 22:33:19
internet,22:33:13,25.4,83.3,OFF,ON,No fireflies detected,2026-02-10 22:33:19
internet,22:33:18,25.4,83.3,OFF,OFF,No fireflies detected,2026-02-10 22:33:19
internet,22:33:23,25.4,83.4,OFF,OFF,No fireflies detected,2026-02-10 22:33:23
internet,22:33:28,25.4,83.4,OFF,OFF,No fireflies detected,2026-02-10 22:33:28
internet,22:33:33,25.4,83.4,ON,OFF,No fireflies detected,2026-02-10 22:33:33
internet,22:33:38,25.4,83.3,ON,OFF,No fireflies detected,2026-02-10 22:33:38
internet,22:33:43,25.4,83.2,ON,OFF,No fireflies detected,2026-02-10 22:33:43
internet,22:33:48,25.4,83.1,ON,OFF,No fireflies detected,2026-02-10 22:33:48
internet,22:33:53,25.4,83.1,ON,OFF,No fireflies detected,2026-02-10 22:33:53
internet,22:33:58,25.4,83.1,ON,OFF,No fireflies detected,2026-02-10 22:33:58
internet,22:34:03,25.4,83.1,OFF,OFF,No fireflies detected,2026-02-10 22:34:03
internet,22:34:08,25.4,83.1,OFF,OFF,No fireflies detected,2026-02-10 22:34:08
internet,22:34:13,25.4,83.2,OFF,OFF,No fireflies detected,2026-02-10 22:34:13
internet,22:34:18,25.4,83.2,OFF,OFF,No fireflies detected,2026-02-10 22:34:18
internet,22:34:23,25.4,83.2,OFF,OFF,No fireflies detected,2026-02-10 22:34:23
internet,22:34:28,25.4,83.2,OFF,OFF,No fireflies detected,2026-02-10 22:34:28
internet,22:34:33,25.4,83.2,OFF,OFF,No fireflies detected,2026-02-10 22:34:33
internet,22:34:38,25.4,83.2,OFF,OFF,No fireflies detected,2026-02-10 22:34:38
internet,22:34:43,25.4,83.2,OFF,OFF,No fireflies detected,2026-02-10 22:34:43
internet,22:34:48,25.4,83.3,OFF,OFF,No fireflies detected,2026-02-10 22:34:48
internet,22:34:53,25.4,83.4,OFF,OFF,No fireflies detected,2026-02-10 22:34:53
internet,22:34:58,25.4,83.4,OFF,OFF,No fireflies detected,2026-02-10 22:34:58
internet,22:35:03,25.4,83.4,ON,OFF,No fireflies detected,2026-02-10 22:35:03
internet,22:35:08,25.4,83.5,ON,OFF,No fireflies detected,2026-02-10 22:35:08
internet,22:35:13,25.4,83.5,ON,OFF,No fireflies detected,2026-02-10 22:35:13
internet,22:35:18,25.4,83.5,ON,OFF,No fireflies detected,2026-02-10 22:35:18
internet,22:35:23,25.4,83.6,ON,OFF,No fireflies detected,2026-02-10 22:35:23
internet,22:35:28,24.7,83.6,ON,OFF,No fireflies detected,2026-02-10 22:35:28
internet,22:35:33,25.4,83.6,OFF,OFF,No fireflies detected,2026-02-10 22:35:33
internet,22:35:38,25.4,83.6,OFF,OFF,No fireflies detected,2026-02-10 22:35:38
internet,22:35:43,25.4,83.7,OFF,OFF,No fireflies detected,2026-02-10 22:35:43
internet,22:35:48,25.4,83.7,OFF,OFF,No fireflies detected,2026-02-10 22:35:48
internet,22:35:53,25.4,83.7,OFF,OFF,No fireflies detected,2026-02-10 22:35:53
internet,22:35:58,25.4,83.7,OFF,OFF,No fireflies detected,2026-02-10 22:35:58
internet,22:36:03,25.4,83.8,OFF,OFF,No fireflies detected,2026-02-10 22:36:03
internet,22:36:08,25.4,83.8,OFF,OFF,No fireflies detected,2026-02-10 22:36:08
internet,22:36:13,25.4,83.8,OFF,OFF,No fireflies detected,2026-02-10 22:36:13
internet,22:36:18,25.4,83.8,OFF,OFF,No fireflies detected,2026-02-10 22:36:18
internet,22:36:23,25.4,83.8,OFF,OFF,No fireflies detected,2026-02-10 22:36:23
internet,22:36:28,25.4,83.8,OFF,OFF,No fireflies detected,2026-02-10 22:36:28
internet,22:36:33,25.4,83.8,ON,OFF,No fireflies detected,2026-02-10 22:36:33
internet,22:36:38,25.4,83.8,ON,OFF,No fireflies detected,2026-02-10 22:36:39
internet,22:36:43,25.4,83.8,ON,OFF,No fireflies detected,2026-02-10 22:36:44
internet,22:36:48,25.4,83.8,ON,OFF,No fireflies detected,2026-02-10 22:36:49
internet,22:36:53,25.4,83.8,ON,OFF,No fireflies detected,2026-02-10 22:36:54
internet,22:36:58,25.4,83.8,ON,OFF,No fireflies detected,2026-02-10 22:36:59
internet,22:37:03,25.4,83.9,OFF,OFF,No fireflies detected,2026-02-10 22:37:04
internet,22:37:08,25.4,83.8,OFF,OFF,No fireflies detected,2026-02-10 22:37:09
internet,22:37:13,25.4,83.8,OFF,OFF,No fireflies detected,2026-02-10 22:37:14
internet,22:37:18,25.4,83.6,OFF,OFF,No fireflies detected,2026-02-10 22:37:19
internet,22:37:23,25.4,83.6,OFF,OFF,No fireflies detected,2026-02-10 22:37:24
internet,22:37:28,25.4,83.5,OFF,OFF,No fireflies detected,2026-02-10 22:37:29
internet,22:37:33,25.4,83.5,OFF,OFF,No fireflies detected,2026-02-10 22:37:34
internet,22:37:39,25.4,83.5,OFF,OFF,No fireflies detected,2026-02-10 22:37:39
internet,22:37:44,25.4,83.4,OFF,OFF,No fireflies detected,2026-02-10 22:37:44
internet,22:37:49,25.4,83.4,OFF,OFF,No fireflies detected,2026-02-10 22:37:49
internet,22:37:54,25.4,83.4,OFF,OFF,No fireflies detected,2026-02-10 22:37:54
internet,22:37:59,25.4,83.4,OFF,OFF,No fireflies detected,2026-02-10 22:37:59
internet,22:38:04,25.4,83.5,ON,OFF,No fireflies detected,2026-02-10 22:38:04
internet,22:38:09,25.4,83.4,ON,OFF,No fireflies detected,2026-02-10 22:38:09
internet,22:38:14,25.4,83.4,ON,OFF,No fireflies detected,2026-02-10 22:38:14
internet,22:38:19,25.4,83.4,ON,ON,Strong light detected,2026-02-10 22:38:19
internet,22:38:24,25.4,83.4,ON,ON,No fireflies detected,2026-02-10 22:38:24
internet,22:38:29,25.4,83.4,ON,ON,Strong light detected,2026-02-10 22:38:29
internet,22:38:34,25.4,83.3,OFF,ON,Strong light detected,2026-02-10 22:38:34
internet,22:38:39,25.4,83.3,OFF,ON,Strong light detected,2026-02-10 22:38:39
internet,22:38:44,25.4,83.3,OFF,ON,Strong light detected,2026-02-10 22:38:44
internet,22:38:49,25.4,83.3,OFF,OFF,No fireflies detected,2026-02-10 22:38:49
internet,22:38:54,25.4,83.3,OFF,OFF,No fireflies detected,2026-02-10 22:38:54
internet,22:38:59,25.4,83.4,OFF,OFF,No fireflies detected,2026-02-10 22:38:59
internet,22:39:04,25.4,83.5,OFF,OFF,No fireflies detected,2026-02-10 22:39:04
internet,22:39:09,25.4,83.5,OFF,OFF,No fireflies detected,2026-02-10 22:39:09
internet,22:39:14,25.4,83.5,OFF,OFF,No fireflies detected,2026-02-10 22:39:14
internet,22:39:19,25.4,83.6,OFF,OFF,No fireflies detected,2026-02-10 22:39:19
internet,22:39:24,25.4,83.5,OFF,OFF,No fireflies detected,2026-02-10 22:39:24
internet,22:39:29,25.4,83.5,OFF,OFF,No fireflies detected,2026-02-10 22:39:29
internet,22:39:34,25.4,83.6,ON,OFF,No fireflies detected,2026-02-10 22:39:34
internet,22:39:39,25.4,83.6,ON,OFF,No fireflies detected,2026-02-10 22:39:39
internet,22:39:44,25.4,83.6,ON,OFF,No fireflies detected,2026-02-10 22:39:44
internet,22:39:49,25.4,83.7,ON,OFF,No fireflies detected,2026-02-10 22:39:49
internet,22:39:54,25.4,83.7,ON,OFF,No fireflies detected,2026-02-10 22:39:54
internet,22:39:59,25.4,83.7,ON,OFF,No fireflies detected,2026-02-10 22:39:59
internet,22:40:04,25.4,83.7,OFF,OFF,No fireflies detected,2026-02-10 22:40:04
internet,22:40:09,25.4,83.7,OFF,OFF,No fireflies detected,2026-02-10 22:40:09
internet,22:40:14,25.4,83.6,OFF,OFF,No fireflies detected,2026-02-10 22:40:14
internet,22:40:19,25.4,83.6,OFF,OFF,No fireflies detected,2026-02-10 22:40:19
internet,22:40:24,25.4,83.7,OFF,OFF,No fireflies detected,2026-02-10 22:40:24
internet,22:40:29,25.4,83.7,OFF,OFF,No fireflies detected,2026-02-10 22:40:29
internet,22:40:34,25.4,83.7,OFF,OFF,No fireflies detected,2026-02-10 22:40:34
internet,22:40:39,25.4,83.7,OFF,OFF,No fireflies detected,2026-02-10 22:40:39
internet,22:40:44,25.4,83.7,OFF,OFF,No fireflies detected,2026-02-10 22:40:44
internet,22:40:49,24.7,83.7,OFF,OFF,No fireflies detected,2026-02-10 22:40:49
internet,22:40:54,25.4,83.7,OFF,OFF,No fireflies detected,2026-02-10 22:40:54
internet,22:40:59,25.4,83.7,OFF,OFF,No fireflies detected,2026-02-10 22:40:59
internet,22:41:04,25.4,83.8,ON,OFF,No fireflies detected,2026-02-10 22:41:04
internet,22:41:09,25.4,83.8,ON,OFF,No fireflies detected,2026-02-10 22:41:10
internet,22:41:14,25.4,83.8,ON,OFF,No fireflies detected,2026-02-10 22:41:15
internet,22:41:19,25.4,83.8,ON,OFF,No fireflies detected,2026-02-10 22:41:20
internet,22:41:24,25.4,83.8,ON,OFF,No fireflies detected,2026-02-10 22:41:25
internet,22:41:29,25.4,83.8,ON,OFF,No fireflies detected,2026-02-10 22:41:30
internet,22:41:34,25.4,83.8,OFF,OFF,No fireflies detected,2026-02-10 22:41:35
internet,22:41:39,25.4,83.9,OFF,OFF,No fireflies detected,2026-02-10 22:41:40
internet,22:41:44,25.4,83.9,OFF,OFF,No fireflies detected,2026-02-10 22:41:45
internet,22:41:49,25.4,83.9,OFF,OFF,No fireflies detected,2026-02-10 22:41:50
internet,22:41:54,25.4,83.9,OFF,OFF,No fireflies detected,2026-02-10 22:41:55
internet,22:41:59,25.4,83.9,OFF,OFF,No fireflies detected,2026-02-10 22:42:00
internet,22:42:04,25.4,83.9,OFF,OFF,No fireflies detected,2026-02-10 22:42:05
internet,22:42:09,25.4,84.0,OFF,OFF,No fireflies detected,2026-02-10 22:42:10
internet,22:42:14,25.4,84.0,OFF,OFF,No fireflies detected,2026-02-10 22:42:15
internet,22:42:20,25.4,84.0,OFF,OFF,No fireflies detected,2026-02-10 22:42:20
internet,22:42:25,25.4,84.0,OFF,OFF,No fireflies detected,2026-02-10 22:42:25
internet,22:42:30,25.4,84.0,OFF,OFF,No fireflies detected,2026-02-10 22:42:30
internet,22:42:35,25.4,84.0,ON,OFF,No fireflies detected,2026-02-10 22:42:35
internet,22:42:40,25.4,84.0,ON,OFF,No fireflies detected,2026-02-10 22:42:40
internet,22:42:45,25.4,83.9,ON,OFF,No fireflies detected,2026-02-10 22:42:45
internet,22:42:50,25.4,83.9,ON,OFF,No fireflies detected,2026-02-10 22:42:50
internet,22:42:55,25.4,84.0,ON,OFF,No fireflies detected,2026-02-10 22:42:55
internet,22:43:00,25.4,84.0,ON,OFF,No fireflies detected,2026-02-10 22:43:00
internet,22:43:05,25.4,84.0,OFF,OFF,No fireflies detected,2026-02-10 22:43:05
internet,22:43:10,25.4,84.0,OFF,OFF,No fireflies detected,2026-02-10 22:43:10
internet,22:43:15,25.4,83.9,OFF,OFF,No fireflies detected,2026-02-10 22:43:15
internet,22:43:20,25.4,83.8,OFF,OFF,No fireflies detected,2026-02-10 22:43:20
internet,22:43:25,25.4,83.8,OFF,OFF,No fireflies detected,2026-02-10 22:43:25
internet,22:43:30,25.4,83.7,OFF,OFF,No fireflies detected,2026-02-10 22:43:30
internet,22:43:35,25.4,83.8,OFF,OFF,No fireflies detected,2026-02-10 22:43:35
internet,22:43:40,25.4,83.7,OFF,OFF,No fireflies detected,2026-02-10 22:43:40
internet,22:43:45,25.4,83.7,OFF,OFF,No fireflies detected,2026-02-10 22:43:45
internet,22:43:50,25.4,83.7,OFF,ON,Strong light detected,2026-02-10 22:43:50
internet,22:43:55,25.4,83.7,OFF,ON,Strong light detected,2026-02-10 22:43:55
internet,22:44:00,25.4,83.7,OFF,ON,Strong light detected,2026-02-10 22:44:00
internet,22:44:05,25.4,83.8,ON,ON,Strong light detected,2026-02-10 22:44:05
internet,22:44:10,25.4,83.8,ON,ON,Strong light detected,2026-02-10 22:44:10
internet,22:44:15,25.4,83.8,ON,ON,Strong light detected,2026-02-10 22:44:15
internet,22:44:20,25.4,83.9,ON,OFF,No fireflies detected,2026-02-10 22:44:20
internet,22:44:25,25.4,83.9,ON,OFF,No fireflies detected,2026-02-10 22:44:25
internet,22:44:30,25.4,83.9,ON,OFF,No fireflies detected,2026-02-10 22:44:30
internet,22:44:35,25.4,83.9,OFF,OFF,No fireflies detected,2026-02-10 22:44:35
internet,22:44:40,25.4,83.9,OFF,OFF,No fireflies detected,2026-02-10 22:44:40
internet,22:44:45,25.4,83.9,OFF,OFF,No fireflies detected,2026-02-10 22:44:45
internet,22:44:50,25.4,83.9,OFF,OFF,No fireflies detected,2026-02-10 22:44:50
internet,22:44:55,25.4,83.9,OFF,OFF,No fireflies detected,2026-02-10 22:44:55
internet,22:45:00,25.4,83.9,OFF,OFF,No fireflies detected,2026-02-10 22:45:00
internet,22:45:05,25.4,83.9,OFF,OFF,No fireflies detected,2026-02-10 22:45:05
internet,22:45:10,25.4,83.9,OFF,OFF,No fireflies detected,2026-02-10 22:45:10
internet,22:45:15,25.4,83.8,OFF,OFF,No fireflies detected,2026-02-10 22:45:15
internet,22:45:20,25.4,83.7,OFF,OFF,No fireflies detected,2026-02-10 22:45:20
internet,22:45:25,25.4,83.7,OFF,OFF,No fireflies detected,2026-02-10 22:45:25
internet,22:45:30,25.4,83.7,OFF,OFF,No fireflies detected,2026-02-10 22:45:30
internet,22:45:35,25.4,83.8,ON,OFF,No fireflies detected,2026-02-10 22:45:35
internet,22:45:40,25.4,83.8,ON,OFF,No fireflies detected,2026-02-10 22:45:41
internet,22:45:45,25.4,83.8,ON,OFF,No fireflies detected,2026-02-10 22:45:46
internet,22:45:50,25.4,83.8,ON,OFF,No fireflies detected,2026-02-10 22:45:51
internet,22:45:55,25.4,83.8,ON,OFF,No fireflies detected,2026-02-10 22:45:56
internet,22:46:00,25.4,83.9,ON,OFF,No fireflies detected,2026-02-10 22:46:01
internet,22:46:05,25.4,83.8,OFF,OFF,No fireflies detected,2026-02-10 22:46:06
internet,22:46:10,25.4,83.7,OFF,OFF,No fireflies detected,2026-02-10 22:46:11
internet,22:46:15,25.4,83.7,OFF,OFF,No fireflies detected,2026-02-10 22:46:16
internet,22:46:20,25.4,83.7,OFF,OFF,No fireflies detected,2026-02-10 22:46:21
internet,22:46:25,25.4,83.8,OFF,OFF,No fireflies detected,2026-02-10 22:46:26
internet,22:46:30,25.4,83.7,OFF,OFF,No fireflies detected,2026-02-10 22:46:31
internet,22:46:35,25.4,83.7,OFF,OFF,No fireflies detected,2026-02-10 22:46:36
internet,22:46:40,25.4,83.7,OFF,OFF,No fireflies detected,2026-02-10 22:46:41
internet,22:46:45,25.4,83.6,OFF,OFF,No fireflies detected,2026-02-10 22:46:46
internet,22:46:50,25.4,83.6,OFF,OFF,No fireflies detected,2026-02-10 22:46:51
internet,22:46:55,25.4,83.6,OFF,OFF,No fireflies detected,2026-02-10 22:46:56
internet,22:47:01,25.4,83.6,OFF,OFF,No fireflies detected,2026-02-10 22:47:01
internet,22:47:06,25.4,83.6,ON,OFF,No fireflies detected,2026-02-10 22:47:06
internet,22:47:11,25.4,83.5,ON,OFF,No fireflies detected,2026-02-10 22:47:11
internet,22:47:16,25.4,83.5,ON,OFF,No fireflies detected,2026-02-10 22:47:16
internet,22:47:21,25.4,83.5,ON,OFF,No fireflies detected,2026-02-10 22:47:21
internet,22:47:26,25.4,83.4,ON,OFF,No fireflies detected,2026-02-10 22:47:26
internet,22:47:31,25.4,83.3,ON,OFF,No fireflies detected,2026-02-10 22:47:31
internet,22:47:36,25.4,83.3,OFF,OFF,No fireflies detected,2026-02-10 22:47:36
internet,22:47:41,25.4,83.2,OFF,OFF,No fireflies detected,2026-02-10 22:47:41
internet,22:47:46,25.4,83.1,OFF,OFF,No fireflies detected,2026-02-10 22:47:46
internet,22:47:51,25.4,83.0,OFF,OFF,No fireflies detected,2026-02-10 22:47:51
internet,22:47:56,25.4,83.0,OFF,OFF,No fireflies detected,2026-02-10 22:47:56
internet,22:48:01,25.4,83.1,OFF,OFF,No fireflies detected,2026-02-10 22:48:01
internet,22:48:06,25.4,83.1,OFF,OFF,No fireflies detected,2026-02-10 22:48:06
internet,22:48:11,25.4,83.1,OFF,OFF,No fireflies detected,2026-02-10 22:48:11
internet,22:48:16,25.4,83.1,OFF,OFF,No fireflies detected,2026-02-10 22:48:16
internet,22:48:21,25.4,83.1,OFF,OFF,No fireflies detected,2026-02-10 22:48:21
internet,22:48:26,25.4,83.2,OFF,OFF,No fireflies detected,2026-02-10 22:48:26
internet,22:48:31,25.4,83.2,OFF,OFF,No fireflies detected,2026-02-10 22:48:31
internet,22:48:36,25.4,83.3,ON,OFF,No fireflies detected,2026-02-10 22:48:36
internet,22:48:41,25.4,83.3,ON,OFF,No fireflies detected,2026-02-10 22:48:41
internet,22:48:46,25.4,83.4,ON,OFF,No fireflies detected,2026-02-10 22:48:46
internet,22:48:51,25.4,83.4,ON,OFF,No fireflies detected,2026-02-10 22:48:51
internet,22:48:56,25.4,83.5,ON,OFF,No fireflies detected,2026-02-10 22:48:56
internet,22:49:01,25.4,83.5,ON,OFF,No fireflies detected,2026-02-10 22:49:01
internet,22:49:06,25.4,83.5,OFF,OFF,No fireflies detected,2026-02-10 22:49:06
internet,22:49:11,25.4,83.5,OFF,OFF,No fireflies detected,2026-02-10 22:49:11
internet,22:49:16,25.4,83.5,OFF,OFF,No fireflies detected,2026-02-10 22:49:16
internet,22:49:21,25.4,83.5,OFF,ON,Strong light detected,2026-02-10 22:49:21
internet,22:49:26,25.4,83.6,OFF,ON,Strong light detected,2026-02-10 22:49:26
internet,22:49:31,25.4,83.5,OFF,ON,Strong light detected,2026-02-10 22:49:31
internet,22:49:36,25.4,83.6,OFF,ON,Fireflies detected,2026-02-10 22:49:36
internet,22:49:41,25.4,83.7,OFF,ON,Fireflies detected,2026-02-10 22:49:41
internet,22:49:46,25.4,83.7,OFF,ON,Strong light detected,2026-02-10 22:49:46
internet,22:49:51,25.4,83.7,OFF,OFF,No fireflies detected,2026-02-10 22:49:51
internet,22:49:56,25.4,83.7,OFF,OFF,No fireflies detected,2026-02-10 22:49:56
internet,22:50:01,25.4,83.8,OFF,OFF,No fireflies detected,2026-02-10 22:50:01
internet,22:50:06,25.4,83.8,ON,OFF,No fireflies detected,2026-02-10 22:50:07
internet,22:50:11,25.4,83.8,ON,OFF,No fireflies detected,2026-02-10 22:50:12
internet,22:50:16,25.4,83.8,ON,OFF,No fireflies detected,2026-02-10 22:50:17
internet,22:50:21,25.4,83.7,ON,OFF,No fireflies detected,2026-02-10 22:50:22
internet,22:50:26,25.4,83.6,ON,OFF,No fireflies detected,2026-02-10 22:50:27
internet,22:50:31,25.4,83.5,ON,OFF,No fireflies detected,2026-02-10 22:50:32
internet,22:50:36,25.4,83.5,OFF,OFF,No fireflies detected,2026-02-10 22:50:37
internet,22:50:41,25.4,83.5,OFF,OFF,No fireflies detected,2026-02-10 22:50:42
internet,22:50:46,25.4,83.5,OFF,OFF,No fireflies detected,2026-02-10 22:50:47
internet,22:50:51,25.4,83.5,OFF,OFF,No fireflies detected,2026-02-10 22:50:52
internet,22:50:56,25.4,83.5,OFF,OFF,No fireflies detected,2026-02-10 22:50:57
internet,22:51:01,25.4,83.5,OFF,OFF,No fireflies detected,2026-02-10 22:51:02
internet,22:51:06,25.4,83.6,OFF,OFF,No fireflies detected,2026-02-10 22:51:07
internet,22:51:11,24.8,83.6,OFF,OFF,No fireflies detected,2026-02-10 22:51:12
internet,22:51:16,25.4,83.6,OFF,OFF,No fireflies detected,2026-02-10 22:51:17
internet,22:51:21,25.4,83.6,OFF,OFF,No fireflies detected,2026-02-10 22:51:22
internet,22:51:26,25.4,83.6,OFF,OFF,No fireflies detected,2026-02-10 22:51:27
internet,22:51:31,25.4,83.6,OFF,OFF,No fireflies detected,2026-02-10 22:51:32
internet,22:51:36,25.4,83.6,ON,OFF,No fireflies detected,2026-02-10 22:51:37
internet,22:51:41,25.4,83.5,ON,OFF,No fireflies detected,2026-02-10 22:51:42
internet,22:51:47,25.4,83.5,ON,OFF,No fireflies detected,2026-02-10 22:51:47
internet,22:51:52,25.4,83.5,ON,OFF,No fireflies detected,2026-02-10 22:51:52
internet,22:51:57,25.4,83.5,ON,OFF,No fireflies detected,2026-02-10 22:51:57
internet,22:52:02,25.4,83.4,ON,OFF,No fireflies detected,2026-02-10 22:52:02
internet,22:52:07,25.4,83.5,OFF,OFF,No fireflies detected,2026-02-10 22:52:07
internet,22:52:12,25.4,83.5,OFF,OFF,No fireflies detected,2026-02-10 22:52:12
internet,22:52:17,25.4,83.4,OFF,OFF,No fireflies detected,2026-02-10 22:52:17
internet,22:52:22,25.4,83.4,OFF,OFF,No fireflies detected,2026-02-10 22:52:22
internet,22:52:27,25.4,83.4,OFF,OFF,No fireflies detected,2026-02-10 22:52:27
internet,22:52:32,25.4,83.4,OFF,OFF,No fireflies detected,2026-02-10 22:52:32
internet,22:52:37,25.4,83.5,OFF,OFF,No fireflies detected,2026-02-10 22:52:37
internet,22:52:42,25.4,83.5,OFF,OFF,No fireflies detected,2026-02-10 22:52:42
internet,22:52:47,25.4,83.6,OFF,OFF,No fireflies detected,2026-02-10 22:52:47
internet,22:52:52,25.4,83.6,OFF,OFF,No fireflies detected,2026-02-10 22:52:52
internet,22:52:57,25.4,83.7,OFF,OFF,No fireflies detected,2026-02-10 22:52:57
internet,22:53:02,25.4,83.7,OFF,OFF,No fireflies detected,2026-02-10 22:53:02
internet,22:53:07,25.4,83.7,ON,OFF,No fireflies detected,2026-02-10 22:53:07
internet,22:53:12,25.4,83.7,ON,OFF,No fireflies detected,2026-02-10 22:53:12
internet,22:53:17,25.4,83.7,ON,OFF,No fireflies detected,2026-02-10 22:53:17
internet,22:53:22,26.1,83.7,ON,OFF,No fireflies detected,2026-02-10 22:53:22
internet,22:53:27,25.4,83.7,ON,OFF,No fireflies detected,2026-02-10 22:53:27
internet,22:53:32,26.1,83.7,ON,OFF,No fireflies detected,2026-02-10 22:53:32
internet,22:53:37,25.5,83.7,OFF,OFF,No fireflies detected,2026-02-10 22:53:37
internet,22:53:42,25.5,83.7,OFF,OFF,No fireflies detected,2026-02-10 22:53:42
internet,22:53:47,26.1,83.6,OFF,OFF,No fireflies detected,2026-02-10 22:53:47
internet,22:53:52,26.1,83.6,OFF,OFF,No fireflies detected,2026-02-10 22:53:52
internet,22:53:57,25.4,83.5,OFF,OFF,No fireflies detected,2026-02-10 22:53:57
internet,22:54:02,25.4,83.5,OFF,OFF,No fireflies detected,2026-02-10 22:54:02
internet,22:54:07,24.8,83.5,OFF,OFF,No fireflies detected,2026-02-10 22:54:07
internet,22:54:12,25.4,83.5,OFF,OFF,No fireflies detected,2026-02-10 22:54:12
internet,22:54:17,26.1,83.6,OFF,OFF,No fireflies detected,2026-02-10 22:54:17
internet,22:54:22,25.5,83.6,OFF,OFF,No fireflies detected,2026-02-10 22:54:22
internet,22:54:27,25.4,83.6,OFF,OFF,No fireflies detected,2026-02-10 22:54:27
internet,22:54:32,25.4,83.6,OFF,OFF,No fireflies detected,2026-02-10 22:54:32
internet,22:54:37,25.5,83.5,ON,OFF,No fireflies detected,2026-02-10 22:54:38
internet,22:54:42,26.1,83.5,ON,OFF,No fireflies detected,2026-02-10 22:54:43
internet,22:54:47,25.4,83.4,ON,OFF,No fireflies detected,2026-02-10 22:54:48
internet,22:54:52,25.4,83.3,ON,ON,Strong light detected,2026-02-10 22:54:53
internet,22:54:57,25.4,83.3,ON,ON,Strong light detected,2026-02-10 22:54:58
internet,22:55:02,25.4,83.3,ON,ON,Strong light detected,2026-02-10 22:55:03
internet,22:55:07,25.4,83.4,OFF,ON,Strong light detected,2026-02-10 22:55:08
internet,22:55:12,25.4,83.5,OFF,ON,Fireflies detected,2026-02-10 22:55:13
internet,22:55:17,25.4,83.5,OFF,ON,Fireflies detected,2026-02-10 22:55:18
internet,22:55:22,25.4,83.6,OFF,OFF,No fireflies detected,2026-02-10 22:55:23
internet,22:55:27,25.4,83.6,OFF,OFF,No fireflies detected,2026-02-10 22:55:28
internet,22:55:32,25.4,83.6,OFF,OFF,No fireflies detected,2026-02-10 22:55:33
internet,22:55:37,25.4,83.7,OFF,OFF,No fireflies detected,2026-02-10 22:55:38
internet,22:55:42,25.4,83.7,OFF,OFF,No fireflies detected,2026-02-10 22:55:43
internet,22:55:47,25.4,83.7,OFF,OFF,No fireflies detected,2026-02-10 22:55:48
internet,22:55:52,25.4,83.7,OFF,OFF,No fireflies detected,2026-02-10 22:55:53
internet,22:55:57,25.4,83.7,OFF,OFF,No fireflies detected,2026-02-10 22:55:58
internet,22:56:02,25.4,83.8,OFF,OFF,No fireflies detected,2026-02-10 22:56:03
internet,22:56:07,25.4,83.8,ON,OFF,No fireflies detected,2026-02-10 22:56:08
internet,22:56:12,25.4,83.7,ON,OFF,No fireflies detected,2026-02-10 22:56:13
internet,22:56:17,25.4,83.7,ON,OFF,No fireflies detected,2026-02-10 22:56:18
internet,22:56:22,25.4,83.7,ON,OFF,No fireflies detected,2026-02-10 22:56:23
internet,22:56:28,25.4,83.7,ON,OFF,No fireflies detected,2026-02-10 22:56:28
internet,22:56:33,25.4,83.7,ON,OFF,No fireflies detected,2026-02-10 22:56:33
internet,22:56:38,25.4,83.8,OFF,OFF,No fireflies detected,2026-02-10 22:56:38
internet,22:56:43,25.4,83.8,OFF,OFF,No fireflies detected,2026-02-10 22:56:43
internet,22:56:48,25.4,83.8,OFF,OFF,No fireflies detected,2026-02-10 22:56:48
internet,22:56:53,25.4,83.9,OFF,OFF,No fireflies detected,2026-02-10 22:56:53
internet,22:56:58,25.4,83.9,OFF,OFF,No fireflies detected,2026-02-10 22:56:58
internet,22:57:03,25.4,83.8,OFF,OFF,No fireflies detected,2026-02-10 22:57:03
internet,22:57:08,25.4,83.8,OFF,OFF,No fireflies detected,2026-02-10 22:57:08
internet,22:57:13,25.4,83.8,OFF,OFF,No fireflies detected,2026-02-10 22:57:13
internet,22:57:18,25.4,83.8,OFF,OFF,No fireflies detected,2026-02-10 22:57:18
internet,22:57:23,25.4,83.9,OFF,OFF,No fireflies detected,2026-02-10 22:57:23
internet,22:57:28,25.4,83.9,OFF,OFF,No fireflies detected,2026-02-10 22:57:28
internet,22:57:33,25.4,83.9,OFF,OFF,No fireflies detected,2026-02-10 22:57:33
internet,22:57:38,25.4,83.9,ON,OFF,No fireflies detected,2026-02-10 22:57:38
internet,22:57:43,25.4,83.9,ON,OFF,No fireflies detected,2026-02-10 22:57:43
internet,22:57:48,25.4,83.9,ON,OFF,No fireflies detected,2026-02-10 22:57:48
internet,22:57:53,25.4,83.9,ON,OFF,No fireflies detected,2026-02-10 22:57:53
internet,22:57:58,25.4,83.9,ON,OFF,No fireflies detected,2026-02-10 22:57:58
internet,22:58:03,25.4,83.9,ON,OFF,No fireflies detected,2026-02-10 22:58:03
internet,22:58:08,25.4,83.9,OFF,OFF,No fireflies detected,2026-02-10 22:58:08
internet,22:58:13,25.4,84.0,OFF,OFF,No fireflies detected,2026-02-10 22:58:13
internet,22:58:18,25.4,84.0,OFF,OFF,No fireflies detected,2026-02-10 22:58:18
internet,22:58:23,25.4,84.0,OFF,OFF,No fireflies detected,2026-02-10 22:58:23
internet,22:58:28,25.4,84.0,OFF,OFF,No fireflies detected,2026-02-10 22:58:28
internet,22:58:33,25.4,84.0,OFF,OFF,No fireflies detected,2026-02-10 22:58:33
internet,22:58:38,25.4,84.0,OFF,OFF,No fireflies detected,2026-02-10 22:58:38
internet,22:58:43,25.4,83.9,OFF,OFF,No fireflies detected,2026-02-10 22:58:43
internet,22:58:48,25.4,83.9,OFF,OFF,No fireflies detected,2026-02-10 22:58:48
internet,22:58:53,25.4,83.9,OFF,OFF,No fireflies detected,2026-02-10 22:58:53
internet,22:58:58,25.4,83.9,OFF,OFF,No fireflies detected,2026-02-10 22:58:58
internet,22:59:03,25.4,83.9,OFF,OFF,No fireflies detected,2026-02-10 22:59:03
internet,22:59:08,25.4,84.0,ON,OFF,No fireflies detected,2026-02-10 22:59:09
internet,22:59:13,25.4,84.0,ON,OFF,No fireflies detected,2026-02-10 22:59:14
internet,22:59:18,25.4,84.0,ON,OFF,No fireflies detected,2026-02-10 22:59:19
internet,22:59:23,25.4,84.0,ON,OFF,No fireflies detected,2026-02-10 22:59:24
internet,22:59:28,25.4,84.0,ON,OFF,No fireflies detected,2026-02-10 22:59:29
internet,22:59:33,25.4,83.9,ON,OFF,No fireflies detected,2026-02-10 22:59:34
internet,22:59:38,25.4,83.9,OFF,OFF,No fireflies detected,2026-02-10 22:59:39
internet,22:59:43,25.4,83.9,OFF,OFF,No fireflies detected,2026-02-10 22:59:44
internet,22:59:48,25.4,83.8,OFF,OFF,No fireflies detected,2026-02-10 22:59:49
internet,22:59:53,25.4,83.8,OFF,OFF,No fireflies detected,2026-02-10 22:59:54
internet,22:59:58,25.4,83.7,OFF,OFF,No fireflies detected,2026-02-10 22:59:59
internet,23:00:03,25.4,83.7,OFF,OFF,No fireflies detected,2026-02-10 23:00:04
internet,23:00:08,25.4,83.8,OFF,OFF,No fireflies detected,2026-02-10 23:00:09
internet,23:00:13,25.4,83.8,OFF,OFF,No fireflies detected,2026-02-10 23:00:14
internet,23:00:18,25.4,83.9,OFF,OFF,No fireflies detected,2026-02-10 23:00:19
internet,23:00:23,25.4,83.9,OFF,ON,Strong light detected,2026-02-10 23:00:24
internet,23:00:28,25.4,83.9,OFF,ON,Fireflies detected,2026-02-10 23:00:29
internet,23:00:33,25.4,83.9,OFF,ON,Strong light detected,2026-02-10 23:00:34
internet,23:00:38,25.4,83.9,ON,ON,Strong light detected,2026-02-10 23:00:39
internet,23:00:43,25.4,83.9,ON,ON,Strong light detected,2026-02-10 23:00:44
internet,23:00:48,25.4,84.0,ON,ON,Strong light detected,2026-02-10 23:00:49
internet,23:00:53,25.4,84.0,ON,OFF,No fireflies detected,2026-02-10 23:00:54
internet,23:00:58,25.4,84.0,ON,OFF,No fireflies detected,2026-02-10 23:00:59
internet,23:01:03,25.4,84.1,ON,OFF,No fireflies detected,2026-02-10 23:01:04
internet,23:01:09,25.4,84.2,OFF,OFF,No fireflies detected,2026-02-10 23:01:09
internet,23:01:14,25.4,84.2,OFF,OFF,No fireflies detected,2026-02-10 23:01:14
internet,23:01:19,25.4,84.1,OFF,OFF,No fireflies detected,2026-02-10 23:01:19
internet,23:01:24,25.4,84.1,OFF,OFF,No fireflies detected,2026-02-10 23:01:24
internet,23:01:29,25.4,84.2,OFF,OFF,No fireflies detected,2026-02-10 23:01:29
internet,23:01:34,25.4,84.1,OFF,OFF,No fireflies detected,2026-02-10 23:01:34
internet,23:01:39,25.4,84.1,OFF,OFF,No fireflies detected,2026-02-10 23:01:39
internet,23:01:44,25.4,84.1,OFF,OFF,No fireflies detected,2026-02-10 23:01:44
internet,23:01:49,25.4,84.2,OFF,OFF,No fireflies detected,2026-02-10 23:01:49
internet,23:01:54,25.4,84.2,OFF,OFF,No fireflies detected,2026-02-10 23:01:54
internet,23:01:59,25.4,84.2,OFF,OFF,No fireflies detected,2026-02-10 23:01:59
internet,23:02:04,25.4,84.2,OFF,OFF,No fireflies detected,2026-02-10 23:02:04
internet,23:02:09,25.4,84.3,ON,OFF,No fireflies detected,2026-02-10 23:02:09
internet,23:02:14,25.4,84.3,ON,OFF,No fireflies detected,2026-02-10 23:02:14
internet,23:02:19,25.4,84.2,ON,OFF,No fireflies detected,2026-02-10 23:02:19
internet,23:02:24,25.4,84.2,ON,OFF,No fireflies detected,2026-02-10 23:02:24
internet,23:02:29,25.4,84.2,ON,OFF,No fireflies detected,2026-02-10 23:02:29
internet,23:02:34,25.4,84.1,ON,OFF,No fireflies detected,2026-02-10 23:02:34
internet,23:02:39,25.4,84.1,OFF,OFF,No fireflies detected,2026-02-10 23:02:39
internet,23:02:44,25.4,84.0,OFF,OFF,No fireflies detected,2026-02-10 23:02:44
internet,23:02:49,25.4,84.0,OFF,OFF,No fireflies detected,2026-02-10 23:02:49
internet,23:02:54,25.4,84.0,OFF,OFF,No fireflies detected,2026-02-10 23:02:54
internet,23:02:59,25.4,83.9,OFF,OFF,No fireflies detected,2026-02-10 23:02:59
internet,23:03:04,25.4,83.9,OFF,OFF,No fireflies detected,2026-02-10 23:03:04
internet,23:03:09,25.4,83.9,OFF,OFF,No fireflies detected,2026-02-10 23:03:09
internet,23:03:14,25.4,83.9,OFF,OFF,No fireflies detected,2026-02-10 23:03:14
internet,23:03:19,25.4,83.9,OFF,OFF,No fireflies detected,2026-02-10 23:03:19
internet,23:03:24,25.4,83.8,OFF,OFF,No fireflies detected,2026-02-10 23:03:24
internet,23:03:29,25.4,83.8,OFF,OFF,No fireflies detected,2026-02-10 23:03:29
internet,23:03:34,25.4,83.8,OFF,OFF,No fireflies detected,2026-02-10 23:03:35
internet,23:03:39,25.4,83.8,ON,OFF,No fireflies detected,2026-02-10 23:03:40
internet,23:03:44,25.4,83.8,ON,OFF,No fireflies detected,2026-02-10 23:03:45
internet,23:03:49,25.4,83.8,ON,OFF,No fireflies detected,2026-02-10 23:03:50
internet,23:03:54,25.4,83.8,ON,OFF,No fireflies detected,2026-02-10 23:03:55
internet,23:03:59,25.4,83.8,ON,OFF,No fireflies detected,2026-02-10 23:04:00
internet,23:04:04,24.8,83.8,ON,OFF,No fireflies detected,2026-02-10 23:04:05
internet,23:04:09,25.4,83.7,OFF,OFF,No fireflies detected,2026-02-10 23:04:10
internet,23:04:14,25.5,83.7,OFF,OFF,No fireflies detected,2026-02-10 23:04:15
internet,23:04:19,24.8,83.7,OFF,OFF,No fireflies detected,2026-02-10 23:04:20
internet,23:04:24,24.8,83.7,OFF,OFF,No fireflies detected,2026-02-10 23:04:25
internet,23:04:29,26.1,83.7,OFF,OFF,No fireflies detected,2026-02-10 23:04:30
internet,23:04:34,25.4,83.7,OFF,OFF,No fireflies detected,2026-02-10 23:04:35
internet,23:04:39,25.5,83.6,OFF,OFF,No fireflies detected,2026-02-10 23:04:40
internet,23:04:44,25.4,83.6,OFF,OFF,No fireflies detected,2026-02-10 23:04:45
internet,23:04:49,26.1,83.6,OFF,OFF,No fireflies detected,2026-02-10 23:04:50
internet,23:04:54,25.4,83.6,OFF,OFF,No fireflies detected,2026-02-10 23:04:55
internet,23:04:59,24.8,83.6,OFF,OFF,No fireflies detected,2026-02-10 23:05:00
internet,23:05:04,25.4,83.6,OFF,OFF,No fireflies detected,2026-02-10 23:05:05
internet,23:05:09,24.8,83.7,ON,OFF,No fireflies detected,2026-02-10 23:05:10
internet,23:05:14,26.1,83.8,ON,OFF,No fireflies detected,2026-02-10 23:05:15
internet,23:05:19,25.5,83.8,ON,OFF,No fireflies detected,2026-02-10 23:05:20
internet,23:05:24,25.4,83.9,ON,OFF,No fireflies detected,2026-02-10 23:05:25
internet,23:05:29,25.4,83.9,ON,OFF,No fireflies detected,2026-02-10 23:05:30
internet,23:05:34,24.8,84.0,ON,OFF,No fireflies detected,2026-02-10 23:05:35
internet,23:05:39,25.4,84.0,OFF,OFF,No fireflies detected,2026-02-10 23:05:40
internet,23:05:44,25.4,84.1,OFF,OFF,No fireflies detected,2026-02-10 23:05:45
internet,23:05:50,24.8,84.1,OFF,OFF,No fireflies detected,2026-02-10 23:05:50
internet,23:05:55,25.4,84.1,OFF,ON,Strong light detected,2026-02-10 23:05:55
internet,23:06:00,24.8,84.1,OFF,ON,Strong light detected,2026-02-10 23:06:00
internet,23:06:05,24.8,84.2,OFF,ON,Strong light detected,2026-02-10 23:06:05
internet,23:06:10,26.1,84.2,OFF,ON,Strong light detected,2026-02-10 23:06:10
internet,23:06:15,26.1,84.2,OFF,ON,Strong light detected,2026-02-10 23:06:15
internet,23:06:20,24.8,84.2,OFF,ON,Strong light detected,2026-02-10 23:06:20
internet,23:06:25,26.1,84.2,OFF,OFF,No fireflies detected,2026-02-10 23:06:25
internet,23:06:30,25.4,84.2,OFF,OFF,No fireflies detected,2026-02-10 23:06:30
internet,23:06:35,25.5,84.1,OFF,OFF,No fireflies detected,2026-02-10 23:06:35
internet,23:06:40,25.5,84.1,ON,OFF,No fireflies detected,2026-02-10 23:06:40
internet,23:06:45,24.8,84.1,ON,OFF,No fireflies detected,2026-02-10 23:06:45
internet,23:06:50,25.5,84.1,ON,OFF,No fireflies detected,2026-02-10 23:06:50
internet,23:06:55,24.8,84.1,ON,OFF,No fireflies detected,2026-02-10 23:06:55
internet,23:07:00,25.5,84.1,ON,OFF,No fireflies detected,2026-02-10 23:07:00
internet,23:07:05,26.1,84.0,ON,OFF,No fireflies detected,2026-02-10 23:07:05
internet,23:07:10,25.5,84.0,OFF,OFF,No fireflies detected,2026-02-10 23:07:10
internet,23:07:15,26.1,84.0,OFF,OFF,No fireflies detected,2026-02-10 23:07:15
internet,23:07:20,25.5,84.0,OFF,OFF,No fireflies detected,2026-02-10 23:07:20
internet,23:07:25,24.8,84.1,OFF,OFF,No fireflies detected,2026-02-10 23:07:25
internet,23:07:30,25.5,84.1,OFF,OFF,No fireflies detected,2026-02-10 23:07:30
internet,23:07:35,25.5,84.2,OFF,OFF,No fireflies detected,2026-02-10 23:07:35
internet,23:07:40,25.5,84.2,OFF,OFF,No fireflies detected,2026-02-10 23:07:40
internet,23:07:45,25.5,84.3,OFF,OFF,No fireflies detected,2026-02-10 23:07:45
internet,23:07:50,25.5,84.3,OFF,OFF,No fireflies detected,2026-02-10 23:09:46
internet,23:07:55,25.5,84.4,OFF,OFF,No fireflies detected,2026-02-10 23:09:46
internet,23:08:00,25.5,84.4,OFF,OFF,No fireflies detected,2026-02-10 23:09:46
internet,23:08:05,25.5,84.4,OFF,OFF,No fireflies detected,2026-02-10 23:09:46
internet,23:08:10,25.5,84.4,ON,OFF,No fireflies detected,2026-02-10 23:09:46
internet,23:08:15,25.5,84.4,ON,OFF,No fireflies detected,2026-02-10 23:09:46
internet,23:08:20,25.5,84.4,ON,OFF,No fireflies detected,2026-02-10 23:09:46
internet,23:08:25,25.5,84.4,ON,OFF,No fireflies detected,2026-02-10 23:09:46
internet,23:08:30,25.5,84.4,ON,OFF,No fireflies detected,2026-02-10 23:09:46
internet,23:08:35,25.5,84.4,ON,OFF,No fireflies detected,2026-02-10 23:09:46
internet,23:08:40,25.5,84.3,OFF,OFF,No fireflies detected,2026-02-10 23:09:46
internet,23:08:45,25.5,84.4,OFF,OFF,No fireflies detected,2026-02-10 23:09:46
internet,23:08:50,25.5,84.4,OFF,OFF,No fireflies detected,2026-02-10 23:09:46
internet,23:08:55,25.5,84.4,OFF,OFF,No fireflies detected,2026-02-10 23:09:46
internet,23:09:00,25.5,84.4,OFF,OFF,No fireflies detected,2026-02-10 23:09:46
internet,23:09:05,25.5,84.4,OFF,OFF,No fireflies detected,2026-02-10 23:09:46
internet,23:09:10,25.5,84.4,OFF,OFF,No fireflies detected,2026-02-10 23:09:46
internet,23:09:15,25.5,84.4,OFF,OFF,No fireflies detected,2026-02-10 23:09:46
internet,23:09:20,25.5,84.4,OFF,OFF,No fireflies detected,2026-02-10 23:09:46
internet,23:09:25,25.5,84.3,OFF,OFF,No fireflies detected,2026-02-10 23:09:46
internet,23:09:30,25.5,84.3,OFF,OFF,No fireflies detected,2026-02-10 23:09:46
internet,23:09:35,25.5,84.2,OFF,OFF,No fireflies detected,2026-02-10 23:09:46
internet,23:09:40,25.5,84.1,ON,OFF,No fireflies detected,2026-02-10 23:09:46
internet,23:09:45,25.5,84.0,ON,OFF,No fireflies detected,2026-02-10 23:09:46
internet,23:09:50,25.5,84.1,ON,OFF,No fireflies detected,2026-02-10 23:09:51
internet,23:09:55,25.5,84.1,ON,OFF,No fireflies detected,2026-02-10 23:09:56
internet,23:10:00,25.5,84.2,ON,OFF,No fireflies detected,2026-02-10 23:10:01
internet,23:10:05,25.5,84.2,ON,OFF,No fireflies detected,2026-02-10 23:10:06
internet,23:10:10,25.5,84.2,OFF,OFF,No fireflies detected,2026-02-10 23:10:11
internet,23:10:15,25.5,84.3,OFF,OFF,No fireflies detected,2026-02-10 23:10:16
internet,23:10:20,25.5,84.3,OFF,OFF,No fireflies detected,2026-02-10 23:10:21
internet,23:10:25,25.5,84.2,OFF,OFF,No fireflies detected,2026-02-10 23:10:26
internet,23:10:31,25.5,84.2,OFF,OFF,No fireflies detected,2026-02-10 23:10:31
internet,23:10:36,25.5,84.2,OFF,OFF,No fireflies detected,2026-02-10 23:10:36
internet,23:10:41,25.5,84.1,OFF,OFF,No fireflies detected,2026-02-10 23:10:41
internet,23:10:46,25.5,84.1,OFF,OFF,No fireflies detected,2026-02-10 23:10:46
internet,23:10:51,25.5,84.1,OFF,OFF,No fireflies detected,2026-02-10 23:10:51
internet,23:10:56,25.5,84.1,OFF,OFF,No fireflies detected,2026-02-10 23:10:56
internet,23:11:01,25.5,84.1,OFF,OFF,No fireflies detected,2026-02-10 23:11:01
internet,23:11:06,25.5,84.1,OFF,OFF,No fireflies detected,2026-02-10 23:11:06
internet,23:11:11,25.5,84.1,ON,OFF,No fireflies detected,2026-02-10 23:11:11
internet,23:11:16,25.5,84.1,ON,OFF,No fireflies detected,2026-02-10 23:11:16
internet,23:11:21,25.5,84.1,ON,OFF,No fireflies detected,2026-02-10 23:11:21
internet,23:11:26,25.5,84.1,ON,ON,Fireflies detected,2026-02-10 23:11:26
internet,23:11:31,25.5,84.1,ON,ON,Strong light detected,2026-02-10 23:11:31
internet,23:11:36,25.5,84.1,ON,ON,Strong light detected,2026-02-10 23:11:36
internet,23:11:41,25.5,84.1,OFF,ON,Strong light detected,2026-02-10 23:11:41
internet,23:11:46,25.5,84.1,OFF,ON,Strong light detected,2026-02-10 23:11:46
internet,23:11:51,25.5,84.1,OFF,ON,Strong light detected,2026-02-10 23:11:51
internet,23:11:56,25.5,84.1,OFF,OFF,No fireflies detected,2026-02-10 23:11:56
internet,23:12:01,25.5,84.1,OFF,OFF,No fireflies detected,2026-02-10 23:12:01
internet,23:12:06,25.5,84.1,OFF,OFF,No fireflies detected,2026-02-10 23:12:06
internet,23:12:11,25.5,84.1,OFF,OFF,No fireflies detected,2026-02-10 23:12:11
internet,23:12:16,25.5,84.1,OFF,OFF,No fireflies detected,2026-02-10 23:12:16
internet,23:12:21,25.5,84.1,OFF,OFF,No fireflies detected,2026-02-10 23:12:21
internet,23:12:26,25.5,84.1,OFF,OFF,No fireflies detected,2026-02-10 23:12:26
internet,23:12:31,25.5,84.1,OFF,OFF,No fireflies detected,2026-02-10 23:12:31
internet,23:12:36,25.5,84.1,OFF,OFF,No fireflies detected,2026-02-10 23:12:37
internet,23:12:41,25.5,84.1,ON,OFF,No fireflies detected,2026-02-10 23:12:42
internet,23:12:46,25.5,84.1,ON,OFF,No fireflies detected,2026-02-10 23:12:47
internet,23:12:51,25.5,84.1,ON,OFF,No fireflies detected,2026-02-10 23:12:52
internet,23:12:56,25.5,84.1,ON,OFF,No fireflies detected,2026-02-10 23:12:57
internet,23:13:01,25.5,84.1,ON,OFF,No fireflies detected,2026-02-10 23:13:02
internet,23:13:06,25.5,84.1,ON,OFF,No fireflies detected,2026-02-10 23:13:07
internet,23:13:11,25.5,84.0,OFF,OFF,No fireflies detected,2026-02-10 23:13:12
internet,23:13:16,25.5,84.0,OFF,OFF,No fireflies detected,2026-02-10 23:13:17
internet,23:13:21,25.5,84.0,OFF,OFF,No fireflies detected,2026-02-10 23:13:22
internet,23:13:26,25.5,84.0,OFF,OFF,No fireflies detected,2026-02-10 23:13:27
internet,23:13:31,25.5,84.0,OFF,OFF,No fireflies detected,2026-02-10 23:13:32
internet,23:13:36,25.5,83.9,OFF,OFF,No fireflies detected,2026-02-10 23:13:37
internet,23:13:41,25.5,83.9,OFF,OFF,No fireflies detected,2026-02-10 23:13:42
internet,23:13:46,25.5,83.8,OFF,OFF,No fireflies detected,2026-02-10 23:13:47
internet,23:13:51,24.9,83.8,OFF,OFF,No fireflies detected,2026-02-10 23:13:52
internet,23:13:56,25.5,83.8,OFF,OFF,No fireflies detected,2026-02-10 23:13:57
internet,23:14:01,25.5,83.8,OFF,OFF,No fireflies detected,2026-02-10 23:14:02
internet,23:14:06,25.5,83.8,OFF,OFF,No fireflies detected,2026-02-10 23:14:07
internet,23:14:11,25.5,83.8,ON,OFF,No fireflies detected,2026-02-10 23:14:12
internet,23:14:16,25.5,83.9,ON,OFF,No fireflies detected,2026-02-10 23:14:17
internet,23:14:21,26.2,83.9,ON,OFF,No fireflies detected,2026-02-10 23:14:22
internet,23:14:26,25.5,83.9,ON,OFF,No fireflies detected,2026-02-10 23:14:27
internet,23:14:31,25.5,83.9,ON,OFF,No fireflies detected,2026-02-10 23:14:32
internet,23:14:36,25.5,83.9,ON,OFF,No fireflies detected,2026-02-10 23:14:37
internet,23:14:41,25.5,83.9,OFF,OFF,No fireflies detected,2026-02-10 23:14:42
internet,23:14:46,25.5,83.9,OFF,OFF,No fireflies detected,2026-02-10 23:14:47
internet,23:14:51,25.5,83.9,OFF,OFF,No fireflies detected,2026-02-10 23:14:52
internet,23:14:56,25.5,83.9,OFF,OFF,No fireflies detected,2026-02-10 23:14:57
internet,23:15:01,25.5,84.0,OFF,OFF,No fireflies detected,2026-02-10 23:15:02
internet,23:15:06,25.5,84.0,OFF,OFF,No fireflies detected,2026-02-10 23:15:07
internet,23:15:11,25.5,84.0,OFF,OFF,No fireflies detected,2026-02-10 23:15:12
internet,23:15:17,25.5,84.0,OFF,OFF,No fireflies detected,2026-02-10 23:15:17
internet,23:15:22,25.5,84.0,OFF,OFF,No fireflies detected,2026-02-10 23:15:22
internet,23:15:27,25.5,84.0,OFF,OFF,No fireflies detected,2026-02-10 23:15:27
internet,23:15:32,25.5,83.9,OFF,OFF,No fireflies detected,2026-02-10 23:15:32
internet,23:15:37,25.5,83.9,OFF,OFF,No fireflies detected,2026-02-10 23:15:37
internet,23:15:42,25.5,83.9,ON,OFF,No fireflies detected,2026-02-10 23:15:42
internet,23:15:47,24.9,83.9,ON,OFF,No fireflies detected,2026-02-10 23:15:47
internet,23:15:52,25.5,83.9,ON,OFF,No fireflies detected,2026-02-10 23:15:52
internet,23:15:57,25.5,83.9,ON,OFF,No fireflies detected,2026-02-10 23:15:57
internet,23:16:02,25.5,83.9,ON,OFF,No fireflies detected,2026-02-10 23:16:02
internet,23:16:07,25.5,83.9,ON,OFF,No fireflies detected,2026-02-10 23:16:07
internet,23:16:12,25.5,83.9,OFF,OFF,No fireflies detected,2026-02-10 23:16:12
internet,23:16:17,25.5,83.9,OFF,OFF,No fireflies detected,2026-02-10 23:16:17
internet,23:16:22,25.5,83.8,OFF,OFF,No fireflies detected,2026-02-10 23:16:22
internet,23:16:27,25.5,83.7,OFF,OFF,No fireflies detected,2026-02-10 23:16:27
internet,23:16:32,25.5,83.7,OFF,OFF,No fireflies detected,2026-02-10 23:16:32
internet,23:16:37,25.5,83.8,OFF,OFF,No fireflies detected,2026-02-10 23:16:37
internet,23:16:42,25.5,83.8,OFF,OFF,No fireflies detected,2026-02-10 23:16:42
internet,23:16:47,25.5,83.8,OFF,OFF,No fireflies detected,2026-02-10 23:16:47
internet,23:16:52,25.5,83.8,OFF,OFF,No fireflies detected,2026-02-10 23:16:52
internet,23:16:57,25.5,83.8,OFF,ON,Fireflies detected,2026-02-10 23:16:57
internet,23:17:02,25.5,83.7,OFF,ON,Strong light detected,2026-02-10 23:17:03
internet,23:17:07,25.5,83.8,OFF,ON,Strong light detected,2026-02-10 23:17:08
internet,23:17:12,25.5,83.7,ON,ON,Strong light detected,2026-02-10 23:17:13
internet,23:17:17,25.5,83.7,ON,ON,Strong light detected,2026-02-10 23:17:18
internet,23:17:22,25.5,83.6,ON,ON,Fireflies detected,2026-02-10 23:17:23
internet,23:17:27,25.5,83.6,ON,OFF,No fireflies detected,2026-02-10 23:17:28
internet,23:17:32,25.5,83.6,ON,OFF,No fireflies detected,2026-02-10 23:17:33
internet,23:17:37,25.5,83.7,ON,OFF,No fireflies detected,2026-02-10 23:17:38
internet,23:17:42,25.5,83.7,OFF,OFF,No fireflies detected,2026-02-10 23:17:43
internet,23:17:47,25.5,83.7,OFF,OFF,No fireflies detected,2026-02-10 23:17:48
internet,23:17:52,25.5,83.7,OFF,OFF,No fireflies detected,2026-02-10 23:17:53
internet,23:17:57,25.5,83.6,OFF,OFF,No fireflies detected,2026-02-10 23:17:58
internet,23:18:02,25.5,83.6,OFF,OFF,No fireflies detected,2026-02-10 23:18:03
internet,23:18:07,25.5,83.7,OFF,OFF,No fireflies detected,2026-02-10 23:18:08
internet,23:18:12,25.5,83.7,OFF,OFF,No fireflies detected,2026-02-10 23:18:13
internet,23:18:17,25.5,83.7,OFF,OFF,No fireflies detected,2026-02-10 23:18:18
internet,23:18:22,25.5,83.7,OFF,OFF,No fireflies detected,2026-02-10 23:18:23
internet,23:18:27,25.5,83.6,OFF,OFF,No fireflies detected,2026-02-10 23:18:28
internet,23:18:32,25.5,83.6,OFF,OFF,No fireflies detected,2026-02-10 23:18:33
internet,23:18:37,25.5,83.6,OFF,OFF,No fireflies detected,2026-02-10 23:18:38
internet,23:18:42,26.1,83.7,ON,OFF,No fireflies detected,2026-02-10 23:18:43
internet,23:18:47,25.4,83.7,ON,OFF,No fireflies detected,2026-02-10 23:18:48
internet,23:18:52,25.5,83.7,ON,OFF,No fireflies detected,2026-02-10 23:18:53
internet,23:18:57,25.4,83.7,ON,OFF,No fireflies detected,2026-02-10 23:18:58
internet,23:19:02,24.8,83.7,ON,OFF,No fireflies detected,2026-02-10 23:19:03
internet,23:19:07,24.8,83.8,ON,OFF,No fireflies detected,2026-02-10 23:19:08
internet,23:19:12,25.4,83.8,OFF,OFF,No fireflies detected,2026-02-10 23:19:13
internet,23:19:17,25.4,83.8,OFF,OFF,No fireflies detected,2026-02-10 23:19:18
internet,23:19:22,25.4,83.8,OFF,OFF,No fireflies detected,2026-02-10 23:19:23
internet,23:19:27,25.4,83.9,OFF,OFF,No fireflies detected,2026-02-10 23:19:28
internet,23:19:32,25.4,83.9,OFF,OFF,No fireflies detected,2026-02-10 23:19:33
internet,23:19:37,24.8,83.9,OFF,OFF,No fireflies detected,2026-02-10 23:19:38
internet,23:19:42,26.1,84.0,OFF,OFF,No fireflies detected,2026-02-10 23:19:43
internet,23:19:47,26.1,84.1,OFF,OFF,No fireflies detected,2026-02-10 23:19:48
internet,23:19:52,26.1,84.2,OFF,OFF,No fireflies detected,2026-02-10 23:19:53
internet,23:19:58,25.4,84.2,OFF,OFF,No fireflies detected,2026-02-10 23:19:58
internet,23:20:03,25.4,84.2,OFF,OFF,No fireflies detected,2026-02-10 23:20:03
internet,23:20:08,25.5,84.2,OFF,OFF,No fireflies detected,2026-02-10 23:20:08
internet,23:20:13,24.8,84.2,ON,OFF,No fireflies detected,2026-02-10 23:20:13
internet,23:20:18,25.4,84.2,ON,OFF,No fireflies detected,2026-02-10 23:20:18
internet,23:20:23,25.4,84.2,ON,OFF,No fireflies detected,2026-02-10 23:20:23
internet,23:20:28,25.5,84.3,ON,OFF,No fireflies detected,2026-02-10 23:20:28
internet,23:20:33,26.1,84.3,ON,OFF,No fireflies detected,2026-02-10 23:20:33
internet,23:20:38,26.1,84.3,ON,OFF,No fireflies detected,2026-02-10 23:20:38
internet,23:20:43,24.8,84.3,OFF,OFF,No fireflies detected,2026-02-10 23:20:43
internet,23:20:48,24.8,84.3,OFF,OFF,No fireflies detected,2026-02-10 23:20:48
internet,23:20:53,25.4,84.4,OFF,OFF,No fireflies detected,2026-02-10 23:20:53
internet,23:20:58,26.1,84.5,OFF,OFF,No fireflies detected,2026-02-10 23:20:58
internet,23:21:03,25.5,84.5,OFF,OFF,No fireflies detected,2026-02-10 23:21:03
internet,23:21:08,24.8,84.5,OFF,OFF,No fireflies detected,2026-02-10 23:21:08
internet,23:21:13,24.8,84.5,OFF,OFF,No fireflies detected,2026-02-10 23:21:13
internet,23:21:18,25.5,84.6,OFF,OFF,No fireflies detected,2026-02-10 23:21:18
internet,23:21:23,24.8,84.5,OFF,OFF,No fireflies detected,2026-02-10 23:21:23
internet,23:21:28,25.5,84.5,OFF,OFF,No fireflies detected,2026-02-10 23:21:28
internet,23:21:33,25.5,84.5,OFF,OFF,No fireflies detected,2026-02-10 23:21:34
internet,23:21:38,25.5,84.5,OFF,OFF,No fireflies detected,2026-02-10 23:21:39
internet,23:21:43,25.5,84.5,ON,OFF,No fireflies detected,2026-02-10 23:21:44
internet,23:21:48,24.8,84.5,ON,OFF,No fireflies detected,2026-02-10 23:21:49
internet,23:21:53,25.5,84.5,ON,OFF,No fireflies detected,2026-02-10 23:21:54
internet,23:21:58,25.5,84.6,ON,OFF,No fireflies detected,2026-02-10 23:21:59
internet,23:22:03,25.5,84.6,ON,OFF,No fireflies detected,2026-02-10 23:22:04
internet,23:22:08,26.1,84.5,ON,OFF,No fireflies detected,2026-02-10 23:22:09
internet,23:22:13,25.5,84.5,OFF,OFF,No fireflies detected,2026-02-10 23:22:14
internet,23:22:18,24.8,84.4,OFF,OFF,No fireflies detected,2026-02-10 23:22:19
internet,23:22:23,25.5,84.4,OFF,OFF,No fireflies detected,2026-02-10 23:22:24
internet,23:22:28,25.5,84.4,OFF,ON,Strong light detected,2026-02-10 23:22:29
internet,23:22:33,25.5,84.5,OFF,ON,Strong light detected,2026-02-10 23:22:34
internet,23:22:38,25.5,84.5,OFF,ON,Strong light detected,2026-02-10 23:22:39
internet,23:22:43,25.5,84.5,OFF,ON,Strong light detected,2026-02-10 23:22:44
internet,23:22:48,26.1,84.6,OFF,ON,Strong light detected,2026-02-10 23:22:49
internet,23:22:53,25.5,84.5,OFF,ON,Strong light detected,2026-02-10 23:22:54
internet,23:22:58,26.1,84.5,OFF,OFF,No fireflies detected,2026-02-10 23:22:59
internet,23:23:03,25.4,84.4,OFF,OFF,No fireflies detected,2026-02-10 23:23:04
internet,23:23:08,24.8,84.4,OFF,OFF,No fireflies detected,2026-02-10 23:23:09
internet,23:23:13,26.1,84.4,ON,OFF,No fireflies detected,2026-02-10 23:23:14
internet,23:23:18,25.4,84.4,ON,OFF,No fireflies detected,2026-02-10 23:23:19
internet,23:23:23,25.4,84.4,ON,OFF,No fireflies detected,2026-02-10 23:23:24
internet,23:23:28,25.4,84.4,ON,OFF,No fireflies detected,2026-02-10 23:23:29
internet,23:23:33,25.4,84.3,ON,OFF,No fireflies detected,2026-02-10 23:23:34
internet,23:23:38,25.4,84.3,ON,OFF,No fireflies detected,2026-02-10 23:23:39
internet,23:23:43,25.4,84.3,OFF,OFF,No fireflies detected,2026-02-10 23:23:44
internet,23:23:48,25.4,84.3,OFF,OFF,No fireflies detected,2026-02-10 23:23:49
internet,23:23:53,25.4,84.3,OFF,OFF,No fireflies detected,2026-02-10 23:23:54
internet,23:23:58,25.4,84.3,OFF,OFF,No fireflies detected,2026-02-10 23:23:59
internet,23:24:03,25.4,84.3,OFF,OFF,No fireflies detected,2026-02-10 23:24:04
internet,23:24:08,25.4,84.4,OFF,OFF,No fireflies detected,2026-02-10 23:24:09
internet,23:24:13,25.4,84.4,OFF,OFF,No fireflies detected,2026-02-10 23:24:14
internet,23:24:18,25.4,84.4,OFF,OFF,No fireflies detected,2026-02-10 23:24:19
internet,23:24:23,25.4,84.5,OFF,OFF,No fireflies detected,2026-02-10 23:24:24
internet,23:24:28,25.4,84.5,OFF,OFF,No fireflies detected,2026-02-10 23:24:29
internet,23:24:33,25.4,84.5,OFF,OFF,No fireflies detected,2026-02-10 23:24:34
internet,23:24:39,25.4,84.5,OFF,OFF,No fireflies detected,2026-02-10 23:24:39
internet,23:24:44,25.4,84.5,ON,OFF,No fireflies detected,2026-02-10 23:24:44
internet,23:24:49,25.4,84.5,ON,OFF,No fireflies detected,2026-02-10 23:24:49
internet,23:24:54,25.4,84.5,ON,OFF,No fireflies detected,2026-02-10 23:24:54
internet,23:24:59,25.4,84.5,ON,OFF,No fireflies detected,2026-02-10 23:24:59
internet,23:25:04,25.4,84.5,ON,OFF,No fireflies detected,2026-02-10 23:25:04
internet,23:25:09,25.4,84.5,ON,OFF,No fireflies detected,2026-02-10 23:25:09
internet,23:25:14,25.4,84.5,OFF,OFF,No fireflies detected,2026-02-10 23:25:14
internet,23:25:19,25.4,84.6,OFF,OFF,No fireflies detected,2026-02-10 23:25:19
internet,23:25:24,25.4,84.5,OFF,OFF,No fireflies detected,2026-02-10 23:25:24
internet,23:25:29,25.4,84.5,OFF,OFF,No fireflies detected,2026-02-10 23:25:29
internet,23:25:34,25.4,84.5,OFF,OFF,No fireflies detected,2026-02-10 23:25:34
internet,23:25:39,25.4,84.5,OFF,OFF,No fireflies detected,2026-02-10 23:25:39
internet,23:25:44,25.4,84.4,OFF,OFF,No fireflies detected,2026-02-10 23:25:44
internet,23:25:49,25.4,84.5,OFF,OFF,No fireflies detected,2026-02-10 23:25:49
internet,23:25:54,25.4,84.5,OFF,OFF,No fireflies detected,2026-02-10 23:25:54
internet,23:25:59,25.4,84.5,OFF,OFF,No fireflies detected,2026-02-10 23:25:59
internet,23:26:04,25.4,84.5,OFF,OFF,No fireflies detected,2026-02-10 23:26:05
internet,23:26:09,25.4,84.5,OFF,OFF,No fireflies detected,2026-02-10 23:26:10
internet,23:26:14,25.4,84.6,ON,OFF,No fireflies detected,2026-02-10 23:26:15
internet,23:26:19,25.4,84.6,ON,OFF,No fireflies detected,2026-02-10 23:26:20
internet,23:26:24,25.4,84.5,ON,OFF,No fireflies detected,2026-02-10 23:26:25
internet,23:26:29,25.4,84.5,ON,OFF,No fireflies detected,2026-02-10 23:26:30
internet,23:26:34,25.4,84.5,ON,OFF,No fireflies detected,2026-02-10 23:26:35
internet,23:26:39,24.8,84.5,ON,OFF,No fireflies detected,2026-02-10 23:26:40
internet,23:26:44,25.4,84.5,OFF,OFF,No fireflies detected,2026-02-10 23:26:45
internet,23:26:49,25.4,84.4,OFF,OFF,No fireflies detected,2026-02-10 23:26:50
internet,23:26:54,24.8,84.4,OFF,OFF,No fireflies detected,2026-02-10 23:26:55
internet,23:26:59,25.4,84.3,OFF,OFF,No fireflies detected,2026-02-10 23:27:00
internet,23:27:04,24.8,84.3,OFF,OFF,No fireflies detected,2026-02-10 23:27:05
internet,23:27:09,25.4,84.3,OFF,OFF,No fireflies detected,2026-02-10 23:27:10
internet,23:27:14,25.4,84.3,OFF,OFF,No fireflies detected,2026-02-10 23:27:15
internet,23:27:19,26.1,84.3,OFF,OFF,No fireflies detected,2026-02-10 23:27:20
internet,23:27:24,25.4,84.3,OFF,OFF,No fireflies detected,2026-02-10 23:27:25
internet,23:27:29,25.4,84.3,OFF,OFF,No fireflies detected,2026-02-10 23:27:30
internet,23:27:34,25.4,84.4,OFF,OFF,No fireflies detected,2026-02-10 23:27:35
internet,23:27:39,25.4,84.4,OFF,OFF,No fireflies detected,2026-02-10 23:27:40
internet,23:27:44,25.4,84.4,ON,OFF,No fireflies detected,2026-02-10 23:27:45
internet,23:27:49,25.4,84.6,ON,OFF,No fireflies detected,2026-02-10 23:27:50
internet,23:27:54,25.4,84.6,ON,OFF,No fireflies detected,2026-02-10 23:27:55
internet,23:27:59,25.4,84.6,ON,ON,Fireflies detected,2026-02-10 23:28:00
internet,23:28:04,25.4,84.6,ON,ON,Fireflies detected,2026-02-10 23:28:05
internet,23:28:09,25.4,84.6,ON,ON,Fireflies detected,2026-02-10 23:28:10
internet,23:28:14,25.4,84.6,OFF,ON,Fireflies detected,2026-02-10 23:28:15
internet,23:28:19,25.4,84.6,OFF,ON,Strong light detected,2026-02-10 23:28:20
internet,23:28:24,25.4,84.6,OFF,ON,Strong light detected,2026-02-10 23:28:25
internet,23:28:29,25.4,84.6,OFF,OFF,No fireflies detected,2026-02-10 23:28:30
internet,23:28:34,25.4,84.6,OFF,OFF,No fireflies detected,2026-02-10 23:28:35
internet,23:28:39,25.4,84.6,OFF,OFF,No fireflies detected,2026-02-10 23:28:40
internet,23:28:44,25.4,84.6,OFF,OFF,No fireflies detected,2026-02-10 23:28:45
internet,23:28:49,25.4,84.6,OFF,OFF,No fireflies detected,2026-02-10 23:28:50
internet,23:28:54,25.4,84.6,OFF,OFF,No fireflies detected,2026-02-10 23:28:55
internet,23:28:59,25.4,84.6,OFF,OFF,No fireflies detected,2026-02-10 23:29:00
internet,23:29:04,25.4,84.6,OFF,OFF,No fireflies detected,2026-02-10 23:29:05
internet,23:29:09,25.4,84.6,OFF,OFF,No fireflies detected,2026-02-10 23:29:10
internet,23:29:14,25.4,84.6,ON,OFF,No fireflies detected,2026-02-10 23:29:15
internet,23:29:20,25.4,84.6,ON,OFF,No fireflies detected,2026-02-10 23:29:20
internet,23:29:25,25.4,84.7,ON,OFF,No fireflies detected,2026-02-10 23:29:25
internet,23:29:30,25.4,84.8,ON,OFF,No fireflies detected,2026-02-10 23:29:30
internet,23:29:35,25.4,84.8,ON,OFF,No fireflies detected,2026-02-10 23:29:35
internet,23:29:40,25.4,84.9,ON,OFF,No fireflies detected,2026-02-10 23:29:40
internet,23:29:45,26.1,84.9,OFF,OFF,No fireflies detected,2026-02-10 23:29:45
internet,23:29:50,25.4,84.8,OFF,OFF,No fireflies detected,2026-02-10 23:29:50
internet,23:29:55,25.4,84.8,OFF,OFF,No fireflies detected,2026-02-10 23:29:55
internet,23:30:00,26.1,84.8,OFF,OFF,No fireflies detected,2026-02-10 23:30:00
internet,23:30:05,25.4,84.8,OFF,OFF,No fireflies detected,2026-02-10 23:30:05
internet,23:30:10,26.1,84.7,OFF,OFF,No fireflies detected,2026-02-10 23:30:10
internet,23:30:15,25.4,84.7,OFF,OFF,No fireflies detected,2026-02-10 23:30:15
internet,23:30:20,24.8,84.7,OFF,OFF,No fireflies detected,2026-02-10 23:30:20
internet,23:30:25,25.4,84.7,OFF,OFF,No fireflies detected,2026-02-10 23:30:25
internet,23:30:30,25.4,84.7,OFF,OFF,No fireflies detected,2026-02-10 23:30:31
internet,23:30:35,25.4,84.7,OFF,OFF,No fireflies detected,2026-02-10 23:30:36
internet,23:30:40,25.4,84.8,OFF,OFF,No fireflies detected,2026-02-10 23:30:41
internet,23:30:45,25.5,84.8,ON,OFF,No fireflies detected,2026-02-10 23:30:46
internet,23:30:50,24.8,84.8,ON,OFF,No fireflies detected,2026-02-10 23:30:51
internet,23:30:55,26.1,84.8,ON,OFF,No fireflies detected,2026-02-10 23:30:56
internet,23:31:00,25.5,84.8,ON,OFF,No fireflies detected,2026-02-10 23:31:01
internet,23:31:05,25.5,84.8,ON,OFF,No fireflies detected,2026-02-10 23:31:06
internet,23:31:10,25.5,84.8,ON,OFF,No fireflies detected,2026-02-10 23:31:11
internet,23:31:15,26.1,84.8,OFF,OFF,No fireflies detected,2026-02-10 23:31:16
internet,23:31:20,25.5,84.8,OFF,OFF,No fireflies detected,2026-02-10 23:31:21
internet,23:31:25,25.5,84.8,OFF,OFF,No fireflies detected,2026-02-10 23:31:26
internet,23:31:30,25.5,84.8,OFF,OFF,No fireflies detected,2026-02-10 23:31:31
internet,23:31:35,25.5,84.8,OFF,OFF,No fireflies detected,2026-02-10 23:31:36
internet,23:31:40,25.5,84.8,OFF,OFF,No fireflies detected,2026-02-10 23:31:41
